# Pixel Sniper over default Sniper - MainBody
# Fleasion-ready: already in the default MeshPart's space
o MainBody
v -2.683772 -0.016816 -0.012155 0.9300 0.8500 0.7000
v -2.683772 -0.016816 -0.012155 0.9300 0.8500 0.7000
v -2.683772 -0.016816 -0.012155 0.9300 0.8500 0.7000
v -2.683772 -0.016816 0.015345 0.9300 0.8500 0.7000
v -2.683772 -0.016816 0.015345 0.9300 0.8500 0.7000
v -2.683772 -0.016816 0.015345 0.9300 0.8500 0.7000
v -2.683772 0.007784 -0.066655 0.9300 0.8500 0.7000
v -2.683772 0.007784 -0.066655 0.9300 0.8500 0.7000
v -2.683772 0.007784 -0.066655 0.9300 0.8500 0.7000
v -2.683772 0.007784 -0.012155 0.9300 0.8500 0.7000
v -2.683772 0.007784 -0.012155 0.9300 0.8500 0.7000
v -2.683772 0.007784 -0.012155 0.9300 0.8500 0.7000
v -2.683772 0.007784 -0.012155 0.9300 0.8500 0.7000
v -2.683772 0.007784 -0.012155 0.9300 0.8500 0.7000
v -2.683772 0.007784 0.015345 0.9300 0.8500 0.7000
v -2.683772 0.007784 0.015345 0.9300 0.8500 0.7000
v -2.683772 0.007784 0.015345 0.9300 0.8500 0.7000
v -2.683772 0.007784 0.015345 0.9300 0.8500 0.7000
v -2.683772 0.007784 0.015345 0.9300 0.8500 0.7000
v -2.683772 0.007784 0.069845 0.9300 0.8500 0.7000
v -2.683772 0.007784 0.069845 0.9300 0.8500 0.7000
v -2.683772 0.007784 0.069845 0.9300 0.8500 0.7000
v -2.683772 0.032379 -0.039655 0.9300 0.8500 0.7000
v -2.683772 0.032379 -0.039655 0.9300 0.8500 0.7000
v -2.683772 0.032379 -0.039655 0.9300 0.8500 0.7000
v -2.683772 0.032379 -0.012155 0.9300 0.8500 0.7000
v -2.683772 0.032379 -0.012155 0.9300 0.8500 0.7000
v -2.683772 0.032379 -0.012155 0.9300 0.8500 0.7000
v -2.683772 0.032379 0.015345 0.9300 0.8500 0.7000
v -2.683772 0.032379 0.015345 0.9300 0.8500 0.7000
v -2.683772 0.032379 0.015345 0.9300 0.8500 0.7000
v -2.683772 0.032379 0.042345 0.9300 0.8500 0.7000
v -2.683772 0.032379 0.042345 0.9300 0.8500 0.7000
v -2.683772 0.032379 0.042345 0.9300 0.8500 0.7000
v -2.683772 0.056979 -0.094155 0.9300 0.8500 0.7000
v -2.683772 0.056979 -0.094155 0.9300 0.8500 0.7000
v -2.683772 0.056979 -0.094155 0.9300 0.8500 0.7000
v -2.683772 0.056979 -0.066655 0.9300 0.8500 0.7000
v -2.683772 0.056979 -0.066655 0.9300 0.8500 0.7000
v -2.683772 0.056979 -0.066655 0.9300 0.8500 0.7000
v -2.683772 0.056979 -0.066655 0.9300 0.8500 0.7000
v -2.683772 0.056979 -0.066655 0.9300 0.8500 0.7000
v -2.683772 0.056979 -0.039655 0.9300 0.8500 0.7000
v -2.683772 0.056979 -0.039655 0.9300 0.8500 0.7000
v -2.683772 0.056979 -0.039655 0.9300 0.8500 0.7000
v -2.683772 0.056979 0.042345 0.9300 0.8500 0.7000
v -2.683772 0.056979 0.042345 0.9300 0.8500 0.7000
v -2.683772 0.056979 0.042345 0.9300 0.8500 0.7000
v -2.683772 0.056979 0.069845 0.9300 0.8500 0.7000
v -2.683772 0.056979 0.069845 0.9300 0.8500 0.7000
v -2.683772 0.056979 0.069845 0.9300 0.8500 0.7000
v -2.683772 0.056979 0.069845 0.9300 0.8500 0.7000
v -2.683772 0.056979 0.069845 0.9300 0.8500 0.7000
v -2.683772 0.056979 0.096845 0.9300 0.8500 0.7000
v -2.683772 0.056979 0.096845 0.9300 0.8500 0.7000
v -2.683772 0.056979 0.096845 0.9300 0.8500 0.7000
v -2.683772 0.106179 -0.094155 0.9300 0.8500 0.7000
v -2.683772 0.106179 -0.094155 0.9300 0.8500 0.7000
v -2.683772 0.106179 -0.094155 0.9300 0.8500 0.7000
v -2.683772 0.106179 -0.066655 0.9300 0.8500 0.7000
v -2.683772 0.106179 -0.066655 0.9300 0.8500 0.7000
v -2.683772 0.106179 -0.066655 0.9300 0.8500 0.7000
v -2.683772 0.106179 -0.066655 0.9300 0.8500 0.7000
v -2.683772 0.106179 -0.066655 0.9300 0.8500 0.7000
v -2.683772 0.106179 -0.039655 0.9300 0.8500 0.7000
v -2.683772 0.106179 -0.039655 0.9300 0.8500 0.7000
v -2.683772 0.106179 -0.039655 0.9300 0.8500 0.7000
v -2.683772 0.106179 0.042345 0.9300 0.8500 0.7000
v -2.683772 0.106179 0.042345 0.9300 0.8500 0.7000
v -2.683772 0.106179 0.042345 0.9300 0.8500 0.7000
v -2.683772 0.106179 0.069845 0.9300 0.8500 0.7000
v -2.683772 0.106179 0.069845 0.9300 0.8500 0.7000
v -2.683772 0.106179 0.069845 0.9300 0.8500 0.7000
v -2.683772 0.106179 0.069845 0.9300 0.8500 0.7000
v -2.683772 0.106179 0.069845 0.9300 0.8500 0.7000
v -2.683772 0.106179 0.096845 0.9300 0.8500 0.7000
v -2.683772 0.106179 0.096845 0.9300 0.8500 0.7000
v -2.683772 0.106179 0.096845 0.9300 0.8500 0.7000
v -2.683772 0.130774 -0.066655 0.9300 0.8500 0.7000
v -2.683772 0.130774 -0.066655 0.9300 0.8500 0.7000
v -2.683772 0.130774 -0.066655 0.9300 0.8500 0.7000
v -2.683772 0.130774 -0.039655 0.9300 0.8500 0.7000
v -2.683772 0.130774 -0.039655 0.9300 0.8500 0.7000
v -2.683772 0.130774 -0.039655 0.9300 0.8500 0.7000
v -2.683772 0.130774 -0.039655 0.9300 0.8500 0.7000
v -2.683772 0.130774 -0.039655 0.9300 0.8500 0.7000
v -2.683772 0.130774 0.042345 0.9300 0.8500 0.7000
v -2.683772 0.130774 0.042345 0.9300 0.8500 0.7000
v -2.683772 0.130774 0.042345 0.9300 0.8500 0.7000
v -2.683772 0.130774 0.042345 0.9300 0.8500 0.7000
v -2.683772 0.130774 0.042345 0.9300 0.8500 0.7000
v -2.683772 0.130774 0.069845 0.9300 0.8500 0.7000
v -2.683772 0.130774 0.069845 0.9300 0.8500 0.7000
v -2.683772 0.130774 0.069845 0.9300 0.8500 0.7000
v -2.683772 0.155374 -0.039655 0.9300 0.8500 0.7000
v -2.683772 0.155374 -0.039655 0.9300 0.8500 0.7000
v -2.683772 0.155374 -0.039655 0.9300 0.8500 0.7000
v -2.683772 0.155374 0.042345 0.9300 0.8500 0.7000
v -2.683772 0.155374 0.042345 0.9300 0.8500 0.7000
v -2.683772 0.155374 0.042345 0.9300 0.8500 0.7000
v -2.560772 0.007784 -0.012155 0.9300 0.8500 0.7000
v -2.560772 0.007784 -0.012155 0.9300 0.8500 0.7000
v -2.560772 0.007784 -0.012155 0.9300 0.8500 0.7000
v -2.560772 0.007784 -0.012155 0.9300 0.8500 0.7000
v -2.560772 0.007784 -0.012155 0.9300 0.8500 0.7000
v -2.560772 0.007784 0.015345 0.9300 0.8500 0.7000
v -2.560772 0.007784 0.015345 0.9300 0.8500 0.7000
v -2.560772 0.007784 0.015345 0.9300 0.8500 0.7000
v -2.560772 0.007784 0.015345 0.9300 0.8500 0.7000
v -2.560772 0.007784 0.015345 0.9300 0.8500 0.7000
v -2.560772 0.032379 -0.039655 0.9300 0.8500 0.7000
v -2.560772 0.032379 -0.039655 0.9300 0.8500 0.7000
v -2.560772 0.032379 -0.039655 0.9300 0.8500 0.7000
v -2.560772 0.032379 -0.012155 0.9300 0.8500 0.7000
v -2.560772 0.032379 -0.012155 0.9300 0.8500 0.7000
v -2.560772 0.032379 -0.012155 0.9300 0.8500 0.7000
v -2.560772 0.032379 0.015345 0.9300 0.8500 0.7000
v -2.560772 0.032379 0.015345 0.9300 0.8500 0.7000
v -2.560772 0.032379 0.015345 0.9300 0.8500 0.7000
v -2.560772 0.032379 0.042345 0.9300 0.8500 0.7000
v -2.560772 0.032379 0.042345 0.9300 0.8500 0.7000
v -2.560772 0.032379 0.042345 0.9300 0.8500 0.7000
v -2.560772 0.056979 -0.066655 0.9300 0.8500 0.7000
v -2.560772 0.056979 -0.066655 0.9300 0.8500 0.7000
v -2.560772 0.056979 -0.066655 0.9300 0.8500 0.7000
v -2.560772 0.056979 -0.066655 0.9300 0.8500 0.7000
v -2.560772 0.056979 -0.066655 0.9300 0.8500 0.7000
v -2.560772 0.056979 -0.039655 0.9300 0.8500 0.7000
v -2.560772 0.056979 -0.039655 0.9300 0.8500 0.7000
v -2.560772 0.056979 -0.039655 0.9300 0.8500 0.7000
v -2.560772 0.056979 0.042345 0.9300 0.8500 0.7000
v -2.560772 0.056979 0.042345 0.9300 0.8500 0.7000
v -2.560772 0.056979 0.042345 0.9300 0.8500 0.7000
v -2.560772 0.056979 0.069845 0.9300 0.8500 0.7000
v -2.560772 0.056979 0.069845 0.9300 0.8500 0.7000
v -2.560772 0.056979 0.069845 0.9300 0.8500 0.7000
v -2.560772 0.056979 0.069845 0.9300 0.8500 0.7000
v -2.560772 0.056979 0.069845 0.9300 0.8500 0.7000
v -2.560772 0.106179 -0.066655 0.9300 0.8500 0.7000
v -2.560772 0.106179 -0.066655 0.9300 0.8500 0.7000
v -2.560772 0.106179 -0.066655 0.9300 0.8500 0.7000
v -2.560772 0.106179 -0.066655 0.9300 0.8500 0.7000
v -2.560772 0.106179 -0.066655 0.9300 0.8500 0.7000
v -2.560772 0.106179 -0.039655 0.9300 0.8500 0.7000
v -2.560772 0.106179 -0.039655 0.9300 0.8500 0.7000
v -2.560772 0.106179 -0.039655 0.9300 0.8500 0.7000
v -2.560772 0.106179 0.042345 0.9300 0.8500 0.7000
v -2.560772 0.106179 0.042345 0.9300 0.8500 0.7000
v -2.560772 0.106179 0.042345 0.9300 0.8500 0.7000
v -2.560772 0.106179 0.069845 0.9300 0.8500 0.7000
v -2.560772 0.106179 0.069845 0.9300 0.8500 0.7000
v -2.560772 0.106179 0.069845 0.9300 0.8500 0.7000
v -2.560772 0.106179 0.069845 0.9300 0.8500 0.7000
v -2.560772 0.106179 0.069845 0.9300 0.8500 0.7000
v -2.560772 0.130774 -0.039655 0.9300 0.8500 0.7000
v -2.560772 0.130774 -0.039655 0.9300 0.8500 0.7000
v -2.560772 0.130774 -0.039655 0.9300 0.8500 0.7000
v -2.560772 0.130774 -0.039655 0.9300 0.8500 0.7000
v -2.560772 0.130774 -0.039655 0.9300 0.8500 0.7000
v -2.560772 0.130774 0.042345 0.9300 0.8500 0.7000
v -2.560772 0.130774 0.042345 0.9300 0.8500 0.7000
v -2.560772 0.130774 0.042345 0.9300 0.8500 0.7000
v -2.560772 0.130774 0.042345 0.9300 0.8500 0.7000
v -2.560772 0.130774 0.042345 0.9300 0.8500 0.7000
v -2.524172 -0.021701 -0.047655 0.9300 0.8500 0.7000
v -2.524172 -0.021701 -0.047655 0.9300 0.8500 0.7000
v -2.524172 -0.021701 -0.047655 0.9300 0.8500 0.7000
v -2.524172 -0.021701 0.050845 0.9300 0.8500 0.7000
v -2.524172 -0.021701 0.050845 0.9300 0.8500 0.7000
v -2.524172 -0.021701 0.050845 0.9300 0.8500 0.7000
v -2.524172 0.007924 -0.080655 0.9300 0.8500 0.7000
v -2.524172 0.007924 -0.080655 0.9300 0.8500 0.7000
v -2.524172 0.007924 -0.080655 0.9300 0.8500 0.7000
v -2.524172 0.007924 -0.047655 0.9300 0.8500 0.7000
v -2.524172 0.007924 -0.047655 0.9300 0.8500 0.7000
v -2.524172 0.007924 -0.047655 0.9300 0.8500 0.7000
v -2.524172 0.007924 0.050845 0.9300 0.8500 0.7000
v -2.524172 0.007924 0.050845 0.9300 0.8500 0.7000
v -2.524172 0.007924 0.050845 0.9300 0.8500 0.7000
v -2.524172 0.007924 0.083845 0.9300 0.8500 0.7000
v -2.524172 0.007924 0.083845 0.9300 0.8500 0.7000
v -2.524172 0.007924 0.083845 0.9300 0.8500 0.7000
v -2.524172 0.037549 -0.113655 0.9300 0.8500 0.7000
v -2.524172 0.037549 -0.113655 0.9300 0.8500 0.7000
v -2.524172 0.037549 -0.113655 0.9300 0.8500 0.7000
v -2.524172 0.037549 -0.080655 0.9300 0.8500 0.7000
v -2.524172 0.037549 -0.080655 0.9300 0.8500 0.7000
v -2.524172 0.037549 -0.080655 0.9300 0.8500 0.7000
v -2.524172 0.037549 0.083845 0.9300 0.8500 0.7000
v -2.524172 0.037549 0.083845 0.9300 0.8500 0.7000
v -2.524172 0.037549 0.083845 0.9300 0.8500 0.7000
v -2.524172 0.037549 0.116845 0.9300 0.8500 0.7000
v -2.524172 0.037549 0.116845 0.9300 0.8500 0.7000
v -2.524172 0.037549 0.116845 0.9300 0.8500 0.7000
v -2.524172 0.126419 -0.113655 0.9300 0.8500 0.7000
v -2.524172 0.126419 -0.113655 0.9300 0.8500 0.7000
v -2.524172 0.126419 -0.113655 0.9300 0.8500 0.7000
v -2.524172 0.126419 -0.080655 0.9300 0.8500 0.7000
v -2.524172 0.126419 -0.080655 0.9300 0.8500 0.7000
v -2.524172 0.126419 -0.080655 0.9300 0.8500 0.7000
v -2.524172 0.126419 0.083845 0.9300 0.8500 0.7000
v -2.524172 0.126419 0.083845 0.9300 0.8500 0.7000
v -2.524172 0.126419 0.083845 0.9300 0.8500 0.7000
v -2.524172 0.126419 0.116845 0.9300 0.8500 0.7000
v -2.524172 0.126419 0.116845 0.9300 0.8500 0.7000
v -2.524172 0.126419 0.116845 0.9300 0.8500 0.7000
v -2.524172 0.156039 -0.080655 0.9300 0.8500 0.7000
v -2.524172 0.156039 -0.080655 0.9300 0.8500 0.7000
v -2.524172 0.156039 -0.080655 0.9300 0.8500 0.7000
v -2.524172 0.156039 -0.047655 0.9300 0.8500 0.7000
v -2.524172 0.156039 -0.047655 0.9300 0.8500 0.7000
v -2.524172 0.156039 -0.047655 0.9300 0.8500 0.7000
v -2.524172 0.156039 0.050845 0.9300 0.8500 0.7000
v -2.524172 0.156039 0.050845 0.9300 0.8500 0.7000
v -2.524172 0.156039 0.050845 0.9300 0.8500 0.7000
v -2.524172 0.156039 0.083845 0.9300 0.8500 0.7000
v -2.524172 0.156039 0.083845 0.9300 0.8500 0.7000
v -2.524172 0.156039 0.083845 0.9300 0.8500 0.7000
v -2.524172 0.185664 -0.047655 0.9300 0.8500 0.7000
v -2.524172 0.185664 -0.047655 0.9300 0.8500 0.7000
v -2.524172 0.185664 -0.047655 0.9300 0.8500 0.7000
v -2.524172 0.185664 0.050845 0.9300 0.8500 0.7000
v -2.524172 0.185664 0.050845 0.9300 0.8500 0.7000
v -2.524172 0.185664 0.050845 0.9300 0.8500 0.7000
v -2.376072 -0.021701 -0.047655 0.9300 0.8500 0.7000
v -2.376072 -0.021701 -0.047655 0.9300 0.8500 0.7000
v -2.376072 -0.021701 -0.047655 0.9300 0.8500 0.7000
v -2.376072 -0.021701 0.050845 0.9300 0.8500 0.7000
v -2.376072 -0.021701 0.050845 0.9300 0.8500 0.7000
v -2.376072 -0.021701 0.050845 0.9300 0.8500 0.7000
v -2.376072 0.007924 -0.080655 0.9300 0.8500 0.7000
v -2.376072 0.007924 -0.080655 0.9300 0.8500 0.7000
v -2.376072 0.007924 -0.080655 0.9300 0.8500 0.7000
v -2.376072 0.007924 -0.047655 0.9300 0.8500 0.7000
v -2.376072 0.007924 -0.047655 0.9300 0.8500 0.7000
v -2.376072 0.007924 -0.047655 0.9300 0.8500 0.7000
v -2.376072 0.007924 0.050845 0.9300 0.8500 0.7000
v -2.376072 0.007924 0.050845 0.9300 0.8500 0.7000
v -2.376072 0.007924 0.050845 0.9300 0.8500 0.7000
v -2.376072 0.007924 0.083845 0.9300 0.8500 0.7000
v -2.376072 0.007924 0.083845 0.9300 0.8500 0.7000
v -2.376072 0.007924 0.083845 0.9300 0.8500 0.7000
v -2.376072 0.037549 -0.113655 0.9300 0.8500 0.7000
v -2.376072 0.037549 -0.113655 0.9300 0.8500 0.7000
v -2.376072 0.037549 -0.113655 0.9300 0.8500 0.7000
v -2.376072 0.037549 -0.080655 0.9300 0.8500 0.7000
v -2.376072 0.037549 -0.080655 0.9300 0.8500 0.7000
v -2.376072 0.037549 -0.080655 0.9300 0.8500 0.7000
v -2.376072 0.037549 0.083845 0.9300 0.8500 0.7000
v -2.376072 0.037549 0.083845 0.9300 0.8500 0.7000
v -2.376072 0.037549 0.083845 0.9300 0.8500 0.7000
v -2.376072 0.037549 0.116845 0.9300 0.8500 0.7000
v -2.376072 0.037549 0.116845 0.9300 0.8500 0.7000
v -2.376072 0.037549 0.116845 0.9300 0.8500 0.7000
v -2.376072 0.126419 -0.113655 0.9300 0.8500 0.7000
v -2.376072 0.126419 -0.113655 0.9300 0.8500 0.7000
v -2.376072 0.126419 -0.113655 0.9300 0.8500 0.7000
v -2.376072 0.126419 -0.080655 0.9300 0.8500 0.7000
v -2.376072 0.126419 -0.080655 0.9300 0.8500 0.7000
v -2.376072 0.126419 -0.080655 0.9300 0.8500 0.7000
v -2.376072 0.126419 0.083845 0.9300 0.8500 0.7000
v -2.376072 0.126419 0.083845 0.9300 0.8500 0.7000
v -2.376072 0.126419 0.083845 0.9300 0.8500 0.7000
v -2.376072 0.126419 0.116845 0.9300 0.8500 0.7000
v -2.376072 0.126419 0.116845 0.9300 0.8500 0.7000
v -2.376072 0.126419 0.116845 0.9300 0.8500 0.7000
v -2.376072 0.156039 -0.080655 0.9300 0.8500 0.7000
v -2.376072 0.156039 -0.080655 0.9300 0.8500 0.7000
v -2.376072 0.156039 -0.080655 0.9300 0.8500 0.7000
v -2.376072 0.156039 -0.047655 0.9300 0.8500 0.7000
v -2.376072 0.156039 -0.047655 0.9300 0.8500 0.7000
v -2.376072 0.156039 -0.047655 0.9300 0.8500 0.7000
v -2.376072 0.156039 0.050845 0.9300 0.8500 0.7000
v -2.376072 0.156039 0.050845 0.9300 0.8500 0.7000
v -2.376072 0.156039 0.050845 0.9300 0.8500 0.7000
v -2.376072 0.156039 0.083845 0.9300 0.8500 0.7000
v -2.376072 0.156039 0.083845 0.9300 0.8500 0.7000
v -2.376072 0.156039 0.083845 0.9300 0.8500 0.7000
v -2.376072 0.185664 -0.047655 0.9300 0.8500 0.7000
v -2.376072 0.185664 -0.047655 0.9300 0.8500 0.7000
v -2.376072 0.185664 -0.047655 0.9300 0.8500 0.7000
v -2.376072 0.185664 0.050845 0.9300 0.8500 0.7000
v -2.376072 0.185664 0.050845 0.9300 0.8500 0.7000
v -2.376072 0.185664 0.050845 0.9300 0.8500 0.7000
v -0.863472 -0.016816 -0.012155 0.9300 0.8500 0.7000
v -0.863472 -0.016816 -0.012155 0.9300 0.8500 0.7000
v -0.863472 -0.016816 -0.012155 0.9300 0.8500 0.7000
v -0.863472 -0.016816 0.015345 0.9300 0.8500 0.7000
v -0.863472 -0.016816 0.015345 0.9300 0.8500 0.7000
v -0.863472 -0.016816 0.015345 0.9300 0.8500 0.7000
v -0.863472 0.007784 -0.066655 0.9300 0.8500 0.7000
v -0.863472 0.007784 -0.066655 0.9300 0.8500 0.7000
v -0.863472 0.007784 -0.066655 0.9300 0.8500 0.7000
v -0.863472 0.007784 -0.012155 0.9300 0.8500 0.7000
v -0.863472 0.007784 -0.012155 0.9300 0.8500 0.7000
v -0.863472 0.007784 -0.012155 0.9300 0.8500 0.7000
v -0.863472 0.007784 0.015345 0.9300 0.8500 0.7000
v -0.863472 0.007784 0.015345 0.9300 0.8500 0.7000
v -0.863472 0.007784 0.015345 0.9300 0.8500 0.7000
v -0.863472 0.007784 0.069845 0.9300 0.8500 0.7000
v -0.863472 0.007784 0.069845 0.9300 0.8500 0.7000
v -0.863472 0.007784 0.069845 0.9300 0.8500 0.7000
v -0.863472 0.032379 -0.066655 0.9300 0.8500 0.7000
v -0.863472 0.032379 -0.066655 0.9300 0.8500 0.7000
v -0.863472 0.032379 -0.066655 0.9300 0.8500 0.7000
v -0.863472 0.032379 0.069845 0.9300 0.8500 0.7000
v -0.863472 0.032379 0.069845 0.9300 0.8500 0.7000
v -0.863472 0.032379 0.069845 0.9300 0.8500 0.7000
v -0.485322 0.242234 -0.084655 0.9300 0.8500 0.7000
v -0.485322 0.242234 -0.084655 0.9300 0.8500 0.7000
v -0.485322 0.242234 -0.084655 0.9300 0.8500 0.7000
v -0.485322 0.242234 0.090345 0.9300 0.8500 0.7000
v -0.485322 0.242234 0.090345 0.9300 0.8500 0.7000
v -0.485322 0.242234 0.090345 0.9300 0.8500 0.7000
v -0.485322 0.300529 -0.143155 0.9300 0.8500 0.7000
v -0.485322 0.300529 -0.143155 0.9300 0.8500 0.7000
v -0.485322 0.300529 -0.143155 0.9300 0.8500 0.7000
v -0.485322 0.300529 -0.084655 0.9300 0.8500 0.7000
v -0.485322 0.300529 -0.084655 0.9300 0.8500 0.7000
v -0.485322 0.300529 -0.084655 0.9300 0.8500 0.7000
v -0.485322 0.300529 -0.084655 0.9300 0.8500 0.7000
v -0.485322 0.300529 -0.084655 0.9300 0.8500 0.7000
v -0.485322 0.300529 0.090345 0.9300 0.8500 0.7000
v -0.485322 0.300529 0.090345 0.9300 0.8500 0.7000
v -0.485322 0.300529 0.090345 0.9300 0.8500 0.7000
v -0.485322 0.300529 0.090345 0.9300 0.8500 0.7000
v -0.485322 0.300529 0.090345 0.9300 0.8500 0.7000
v -0.485322 0.300529 0.148345 0.9300 0.8500 0.7000
v -0.485322 0.300529 0.148345 0.9300 0.8500 0.7000
v -0.485322 0.300529 0.148345 0.9300 0.8500 0.7000
v -0.485322 0.475419 -0.143155 0.9300 0.8500 0.7000
v -0.485322 0.475419 -0.143155 0.9300 0.8500 0.7000
v -0.485322 0.475419 -0.143155 0.9300 0.8500 0.7000
v -0.485322 0.475419 -0.084655 0.9300 0.8500 0.7000
v -0.485322 0.475419 -0.084655 0.9300 0.8500 0.7000
v -0.485322 0.475419 -0.084655 0.9300 0.8500 0.7000
v -0.485322 0.475419 -0.084655 0.9300 0.8500 0.7000
v -0.485322 0.475419 -0.084655 0.9300 0.8500 0.7000
v -0.485322 0.475419 0.090345 0.9300 0.8500 0.7000
v -0.485322 0.475419 0.090345 0.9300 0.8500 0.7000
v -0.485322 0.475419 0.090345 0.9300 0.8500 0.7000
v -0.485322 0.475419 0.090345 0.9300 0.8500 0.7000
v -0.485322 0.475419 0.090345 0.9300 0.8500 0.7000
v -0.485322 0.475419 0.148345 0.9300 0.8500 0.7000
v -0.485322 0.475419 0.148345 0.9300 0.8500 0.7000
v -0.485322 0.475419 0.148345 0.9300 0.8500 0.7000
v -0.485322 0.533719 -0.084655 0.9300 0.8500 0.7000
v -0.485322 0.533719 -0.084655 0.9300 0.8500 0.7000
v -0.485322 0.533719 -0.084655 0.9300 0.8500 0.7000
v -0.485322 0.533719 0.090345 0.9300 0.8500 0.7000
v -0.485322 0.533719 0.090345 0.9300 0.8500 0.7000
v -0.485322 0.533719 0.090345 0.9300 0.8500 0.7000
v -0.420522 0.300529 -0.084655 0.9300 0.8500 0.7000
v -0.420522 0.300529 -0.084655 0.9300 0.8500 0.7000
v -0.420522 0.300529 -0.084655 0.9300 0.8500 0.7000
v -0.420522 0.300529 -0.084655 0.9300 0.8500 0.7000
v -0.420522 0.300529 0.090345 0.9300 0.8500 0.7000
v -0.420522 0.300529 0.090345 0.9300 0.8500 0.7000
v -0.420522 0.300529 0.090345 0.9300 0.8500 0.7000
v -0.420522 0.300529 0.090345 0.9300 0.8500 0.7000
v -0.420522 0.475419 -0.084655 0.9300 0.8500 0.7000
v -0.420522 0.475419 -0.084655 0.9300 0.8500 0.7000
v -0.420522 0.475419 -0.084655 0.9300 0.8500 0.7000
v -0.420522 0.475419 -0.084655 0.9300 0.8500 0.7000
v -0.420522 0.475419 0.090345 0.9300 0.8500 0.7000
v -0.420522 0.475419 0.090345 0.9300 0.8500 0.7000
v -0.420522 0.475419 0.090345 0.9300 0.8500 0.7000
v -0.420522 0.475419 0.090345 0.9300 0.8500 0.7000
v -0.031872 0.242234 -0.084655 0.9300 0.8500 0.7000
v -0.031872 0.242234 -0.084655 0.9300 0.8500 0.7000
v -0.031872 0.242234 -0.084655 0.9300 0.8500 0.7000
v -0.031872 0.242234 -0.026155 0.9300 0.8500 0.7000
v -0.031872 0.242234 -0.026155 0.9300 0.8500 0.7000
v -0.031872 0.242234 -0.026155 0.9300 0.8500 0.7000
v -0.031872 0.242234 0.031845 0.9300 0.8500 0.7000
v -0.031872 0.242234 0.031845 0.9300 0.8500 0.7000
v -0.031872 0.242234 0.031845 0.9300 0.8500 0.7000
v -0.031872 0.242234 0.090345 0.9300 0.8500 0.7000
v -0.031872 0.242234 0.090345 0.9300 0.8500 0.7000
v -0.031872 0.242234 0.090345 0.9300 0.8500 0.7000
v -0.031872 0.300529 -0.143155 0.9300 0.8500 0.7000
v -0.031872 0.300529 -0.143155 0.9300 0.8500 0.7000
v -0.031872 0.300529 -0.143155 0.9300 0.8500 0.7000
v -0.031872 0.300529 -0.084655 0.9300 0.8500 0.7000
v -0.031872 0.300529 -0.084655 0.9300 0.8500 0.7000
v -0.031872 0.300529 -0.084655 0.9300 0.8500 0.7000
v -0.031872 0.300529 -0.026155 0.9300 0.8500 0.7000
v -0.031872 0.300529 -0.026155 0.9300 0.8500 0.7000
v -0.031872 0.300529 -0.026155 0.9300 0.8500 0.7000
v -0.031872 0.300529 0.031845 0.9300 0.8500 0.7000
v -0.031872 0.300529 0.031845 0.9300 0.8500 0.7000
v -0.031872 0.300529 0.031845 0.9300 0.8500 0.7000
v -0.031872 0.300529 0.090345 0.9300 0.8500 0.7000
v -0.031872 0.300529 0.090345 0.9300 0.8500 0.7000
v -0.031872 0.300529 0.090345 0.9300 0.8500 0.7000
v -0.031872 0.300529 0.148345 0.9300 0.8500 0.7000
v -0.031872 0.300529 0.148345 0.9300 0.8500 0.7000
v -0.031872 0.300529 0.148345 0.9300 0.8500 0.7000
v -0.031872 0.358829 -0.143155 0.9300 0.8500 0.7000
v -0.031872 0.358829 -0.143155 0.9300 0.8500 0.7000
v -0.031872 0.358829 -0.143155 0.9300 0.8500 0.7000
v -0.031872 0.358829 -0.084655 0.9300 0.8500 0.7000
v -0.031872 0.358829 -0.084655 0.9300 0.8500 0.7000
v -0.031872 0.358829 -0.084655 0.9300 0.8500 0.7000
v -0.031872 0.358829 0.090345 0.9300 0.8500 0.7000
v -0.031872 0.358829 0.090345 0.9300 0.8500 0.7000
v -0.031872 0.358829 0.090345 0.9300 0.8500 0.7000
v -0.031872 0.358829 0.148345 0.9300 0.8500 0.7000
v -0.031872 0.358829 0.148345 0.9300 0.8500 0.7000
v -0.031872 0.358829 0.148345 0.9300 0.8500 0.7000
v -0.031872 0.417124 -0.143155 0.9300 0.8500 0.7000
v -0.031872 0.417124 -0.143155 0.9300 0.8500 0.7000
v -0.031872 0.417124 -0.143155 0.9300 0.8500 0.7000
v -0.031872 0.417124 -0.084655 0.9300 0.8500 0.7000
v -0.031872 0.417124 -0.084655 0.9300 0.8500 0.7000
v -0.031872 0.417124 -0.084655 0.9300 0.8500 0.7000
v -0.031872 0.417124 0.090345 0.9300 0.8500 0.7000
v -0.031872 0.417124 0.090345 0.9300 0.8500 0.7000
v -0.031872 0.417124 0.090345 0.9300 0.8500 0.7000
v -0.031872 0.417124 0.148345 0.9300 0.8500 0.7000
v -0.031872 0.417124 0.148345 0.9300 0.8500 0.7000
v -0.031872 0.417124 0.148345 0.9300 0.8500 0.7000
v -0.031872 0.475419 -0.143155 0.9300 0.8500 0.7000
v -0.031872 0.475419 -0.143155 0.9300 0.8500 0.7000
v -0.031872 0.475419 -0.143155 0.9300 0.8500 0.7000
v -0.031872 0.475419 -0.084655 0.9300 0.8500 0.7000
v -0.031872 0.475419 -0.084655 0.9300 0.8500 0.7000
v -0.031872 0.475419 -0.084655 0.9300 0.8500 0.7000
v -0.031872 0.475419 -0.026155 0.9300 0.8500 0.7000
v -0.031872 0.475419 -0.026155 0.9300 0.8500 0.7000
v -0.031872 0.475419 -0.026155 0.9300 0.8500 0.7000
v -0.031872 0.475419 0.031845 0.9300 0.8500 0.7000
v -0.031872 0.475419 0.031845 0.9300 0.8500 0.7000
v -0.031872 0.475419 0.031845 0.9300 0.8500 0.7000
v -0.031872 0.475419 0.090345 0.9300 0.8500 0.7000
v -0.031872 0.475419 0.090345 0.9300 0.8500 0.7000
v -0.031872 0.475419 0.090345 0.9300 0.8500 0.7000
v -0.031872 0.475419 0.148345 0.9300 0.8500 0.7000
v -0.031872 0.475419 0.148345 0.9300 0.8500 0.7000
v -0.031872 0.475419 0.148345 0.9300 0.8500 0.7000
v -0.031872 0.533719 -0.084655 0.9300 0.8500 0.7000
v -0.031872 0.533719 -0.084655 0.9300 0.8500 0.7000
v -0.031872 0.533719 -0.084655 0.9300 0.8500 0.7000
v -0.031872 0.533719 -0.026155 0.9300 0.8500 0.7000
v -0.031872 0.533719 -0.026155 0.9300 0.8500 0.7000
v -0.031872 0.533719 -0.026155 0.9300 0.8500 0.7000
v -0.031872 0.533719 0.031845 0.9300 0.8500 0.7000
v -0.031872 0.533719 0.031845 0.9300 0.8500 0.7000
v -0.031872 0.533719 0.031845 0.9300 0.8500 0.7000
v -0.031872 0.533719 0.090345 0.9300 0.8500 0.7000
v -0.031872 0.533719 0.090345 0.9300 0.8500 0.7000
v -0.031872 0.533719 0.090345 0.9300 0.8500 0.7000
v 0.032878 0.300529 -0.026155 0.9300 0.8500 0.7000
v 0.032878 0.300529 -0.026155 0.9300 0.8500 0.7000
v 0.032878 0.300529 -0.026155 0.9300 0.8500 0.7000
v 0.032878 0.300529 0.031845 0.9300 0.8500 0.7000
v 0.032878 0.300529 0.031845 0.9300 0.8500 0.7000
v 0.032878 0.300529 0.031845 0.9300 0.8500 0.7000
v 0.032878 0.358829 -0.084655 0.9300 0.8500 0.7000
v 0.032878 0.358829 -0.084655 0.9300 0.8500 0.7000
v 0.032878 0.358829 -0.084655 0.9300 0.8500 0.7000
v 0.032878 0.358829 0.090345 0.9300 0.8500 0.7000
v 0.032878 0.358829 0.090345 0.9300 0.8500 0.7000
v 0.032878 0.358829 0.090345 0.9300 0.8500 0.7000
v 0.032878 0.417124 -0.084655 0.9300 0.8500 0.7000
v 0.032878 0.417124 -0.084655 0.9300 0.8500 0.7000
v 0.032878 0.417124 -0.084655 0.9300 0.8500 0.7000
v 0.032878 0.417124 0.090345 0.9300 0.8500 0.7000
v 0.032878 0.417124 0.090345 0.9300 0.8500 0.7000
v 0.032878 0.417124 0.090345 0.9300 0.8500 0.7000
v 0.032878 0.475419 -0.026155 0.9300 0.8500 0.7000
v 0.032878 0.475419 -0.026155 0.9300 0.8500 0.7000
v 0.032878 0.475419 -0.026155 0.9300 0.8500 0.7000
v 0.032878 0.475419 0.031845 0.9300 0.8500 0.7000
v 0.032878 0.475419 0.031845 0.9300 0.8500 0.7000
v 0.032878 0.475419 0.031845 0.9300 0.8500 0.7000
v 0.095878 0.007784 -0.066655 0.9300 0.8500 0.7000
v 0.095878 0.007784 0.069845 0.9300 0.8500 0.7000
v 0.095878 0.032379 -0.066655 0.9300 0.8500 0.7000
v 0.095878 0.032379 -0.066655 0.9300 0.8500 0.7000
v 0.095878 0.032379 0.069845 0.9300 0.8500 0.7000
v 0.095878 0.032379 0.069845 0.9300 0.8500 0.7000
v 0.098178 0.242234 -0.026155 0.9300 0.8500 0.7000
v 0.098178 0.242234 -0.026155 0.9300 0.8500 0.7000
v 0.098178 0.242234 -0.026155 0.9300 0.8500 0.7000
v 0.098178 0.242234 0.031845 0.9300 0.8500 0.7000
v 0.098178 0.242234 0.031845 0.9300 0.8500 0.7000
v 0.098178 0.242234 0.031845 0.9300 0.8500 0.7000
v 0.098178 0.300529 -0.026155 0.9300 0.8500 0.7000
v 0.098178 0.300529 -0.026155 0.9300 0.8500 0.7000
v 0.098178 0.300529 -0.026155 0.9300 0.8500 0.7000
v 0.098178 0.300529 0.031845 0.9300 0.8500 0.7000
v 0.098178 0.300529 0.031845 0.9300 0.8500 0.7000
v 0.098178 0.300529 0.031845 0.9300 0.8500 0.7000
v 0.098178 0.358829 -0.143155 0.9300 0.8500 0.7000
v 0.098178 0.358829 -0.143155 0.9300 0.8500 0.7000
v 0.098178 0.358829 -0.143155 0.9300 0.8500 0.7000
v 0.098178 0.358829 -0.084655 0.9300 0.8500 0.7000
v 0.098178 0.358829 -0.084655 0.9300 0.8500 0.7000
v 0.098178 0.358829 -0.084655 0.9300 0.8500 0.7000
v 0.098178 0.358829 0.090345 0.9300 0.8500 0.7000
v 0.098178 0.358829 0.090345 0.9300 0.8500 0.7000
v 0.098178 0.358829 0.090345 0.9300 0.8500 0.7000
v 0.098178 0.358829 0.148345 0.9300 0.8500 0.7000
v 0.098178 0.358829 0.148345 0.9300 0.8500 0.7000
v 0.098178 0.358829 0.148345 0.9300 0.8500 0.7000
v 0.098178 0.417124 -0.143155 0.9300 0.8500 0.7000
v 0.098178 0.417124 -0.143155 0.9300 0.8500 0.7000
v 0.098178 0.417124 -0.143155 0.9300 0.8500 0.7000
v 0.098178 0.417124 -0.084655 0.9300 0.8500 0.7000
v 0.098178 0.417124 -0.084655 0.9300 0.8500 0.7000
v 0.098178 0.417124 -0.084655 0.9300 0.8500 0.7000
v 0.098178 0.417124 0.090345 0.9300 0.8500 0.7000
v 0.098178 0.417124 0.090345 0.9300 0.8500 0.7000
v 0.098178 0.417124 0.090345 0.9300 0.8500 0.7000
v 0.098178 0.417124 0.148345 0.9300 0.8500 0.7000
v 0.098178 0.417124 0.148345 0.9300 0.8500 0.7000
v 0.098178 0.417124 0.148345 0.9300 0.8500 0.7000
v 0.098178 0.475419 -0.026155 0.9300 0.8500 0.7000
v 0.098178 0.475419 -0.026155 0.9300 0.8500 0.7000
v 0.098178 0.475419 -0.026155 0.9300 0.8500 0.7000
v 0.098178 0.475419 0.031845 0.9300 0.8500 0.7000
v 0.098178 0.475419 0.031845 0.9300 0.8500 0.7000
v 0.098178 0.475419 0.031845 0.9300 0.8500 0.7000
v 0.098178 0.533719 -0.026155 0.9300 0.8500 0.7000
v 0.098178 0.533719 -0.026155 0.9300 0.8500 0.7000
v 0.098178 0.533719 -0.026155 0.9300 0.8500 0.7000
v 0.098178 0.533719 0.031845 0.9300 0.8500 0.7000
v 0.098178 0.533719 0.031845 0.9300 0.8500 0.7000
v 0.098178 0.533719 0.031845 0.9300 0.8500 0.7000
v 0.143678 -0.000956 -0.043655 0.9300 0.8500 0.7000
v 0.143678 -0.000956 -0.043655 0.9300 0.8500 0.7000
v 0.143678 -0.000956 -0.043655 0.9300 0.8500 0.7000
v 0.143678 -0.000956 0.046345 0.9300 0.8500 0.7000
v 0.143678 -0.000956 0.046345 0.9300 0.8500 0.7000
v 0.143678 -0.000956 0.046345 0.9300 0.8500 0.7000
v 0.143678 0.015224 -0.079655 0.9300 0.8500 0.7000
v 0.143678 0.015224 -0.079655 0.9300 0.8500 0.7000
v 0.143678 0.015224 -0.079655 0.9300 0.8500 0.7000
v 0.143678 0.015224 -0.043655 0.9300 0.8500 0.7000
v 0.143678 0.015224 -0.043655 0.9300 0.8500 0.7000
v 0.143678 0.015224 -0.043655 0.9300 0.8500 0.7000
v 0.143678 0.015224 0.046345 0.9300 0.8500 0.7000
v 0.143678 0.015224 0.046345 0.9300 0.8500 0.7000
v 0.143678 0.015224 0.046345 0.9300 0.8500 0.7000
v 0.143678 0.015224 0.082345 0.9300 0.8500 0.7000
v 0.143678 0.015224 0.082345 0.9300 0.8500 0.7000
v 0.143678 0.015224 0.082345 0.9300 0.8500 0.7000
v 0.143678 0.047584 -0.097155 0.9300 0.8500 0.7000
v 0.143678 0.047584 -0.097155 0.9300 0.8500 0.7000
v 0.143678 0.047584 -0.097155 0.9300 0.8500 0.7000
v 0.143678 0.047584 -0.079655 0.9300 0.8500 0.7000
v 0.143678 0.047584 -0.079655 0.9300 0.8500 0.7000
v 0.143678 0.047584 -0.079655 0.9300 0.8500 0.7000
v 0.143678 0.047584 0.082345 0.9300 0.8500 0.7000
v 0.143678 0.047584 0.082345 0.9300 0.8500 0.7000
v 0.143678 0.047584 0.082345 0.9300 0.8500 0.7000
v 0.143678 0.047584 0.100345 0.9300 0.8500 0.7000
v 0.143678 0.047584 0.100345 0.9300 0.8500 0.7000
v 0.143678 0.047584 0.100345 0.9300 0.8500 0.7000
v 0.143678 0.128484 -0.097155 0.9300 0.8500 0.7000
v 0.143678 0.128484 -0.097155 0.9300 0.8500 0.7000
v 0.143678 0.128484 -0.097155 0.9300 0.8500 0.7000
v 0.143678 0.128484 -0.079655 0.9300 0.8500 0.7000
v 0.143678 0.128484 -0.079655 0.9300 0.8500 0.7000
v 0.143678 0.128484 -0.079655 0.9300 0.8500 0.7000
v 0.143678 0.128484 0.082345 0.9300 0.8500 0.7000
v 0.143678 0.128484 0.082345 0.9300 0.8500 0.7000
v 0.143678 0.128484 0.082345 0.9300 0.8500 0.7000
v 0.143678 0.128484 0.100345 0.9300 0.8500 0.7000
v 0.143678 0.128484 0.100345 0.9300 0.8500 0.7000
v 0.143678 0.128484 0.100345 0.9300 0.8500 0.7000
v 0.143678 0.160844 -0.079655 0.9300 0.8500 0.7000
v 0.143678 0.160844 -0.079655 0.9300 0.8500 0.7000
v 0.143678 0.160844 -0.079655 0.9300 0.8500 0.7000
v 0.143678 0.160844 -0.043655 0.9300 0.8500 0.7000
v 0.143678 0.160844 -0.043655 0.9300 0.8500 0.7000
v 0.143678 0.160844 -0.043655 0.9300 0.8500 0.7000
v 0.143678 0.160844 0.046345 0.9300 0.8500 0.7000
v 0.143678 0.160844 0.046345 0.9300 0.8500 0.7000
v 0.143678 0.160844 0.046345 0.9300 0.8500 0.7000
v 0.143678 0.160844 0.082345 0.9300 0.8500 0.7000
v 0.143678 0.160844 0.082345 0.9300 0.8500 0.7000
v 0.143678 0.160844 0.082345 0.9300 0.8500 0.7000
v 0.143678 0.177024 -0.043655 0.9300 0.8500 0.7000
v 0.143678 0.177024 -0.043655 0.9300 0.8500 0.7000
v 0.143678 0.177024 -0.043655 0.9300 0.8500 0.7000
v 0.143678 0.177024 0.046345 0.9300 0.8500 0.7000
v 0.143678 0.177024 0.046345 0.9300 0.8500 0.7000
v 0.143678 0.177024 0.046345 0.9300 0.8500 0.7000
v 0.145078 0.007784 -0.066655 0.9300 0.8500 0.7000
v 0.145078 0.007784 0.069845 0.9300 0.8500 0.7000
v 0.145078 0.056979 -0.094155 0.9300 0.8500 0.7000
v 0.145078 0.056979 -0.094155 0.9300 0.8500 0.7000
v 0.145078 0.056979 -0.066655 0.9300 0.8500 0.7000
v 0.145078 0.056979 -0.066655 0.9300 0.8500 0.7000
v 0.145078 0.056979 0.069845 0.9300 0.8500 0.7000
v 0.145078 0.056979 0.069845 0.9300 0.8500 0.7000
v 0.145078 0.056979 0.096845 0.9300 0.8500 0.7000
v 0.145078 0.056979 0.096845 0.9300 0.8500 0.7000
v 0.145078 0.106179 -0.094155 0.9300 0.8500 0.7000
v 0.145078 0.106179 -0.094155 0.9300 0.8500 0.7000
v 0.145078 0.106179 -0.066655 0.9300 0.8500 0.7000
v 0.145078 0.106179 -0.066655 0.9300 0.8500 0.7000
v 0.145078 0.106179 0.069845 0.9300 0.8500 0.7000
v 0.145078 0.106179 0.069845 0.9300 0.8500 0.7000
v 0.145078 0.106179 0.096845 0.9300 0.8500 0.7000
v 0.145078 0.106179 0.096845 0.9300 0.8500 0.7000
v 0.145078 0.130774 -0.066655 0.9300 0.8500 0.7000
v 0.145078 0.130774 -0.066655 0.9300 0.8500 0.7000
v 0.145078 0.130774 -0.039655 0.9300 0.8500 0.7000
v 0.145078 0.130774 -0.039655 0.9300 0.8500 0.7000
v 0.145078 0.130774 0.042345 0.9300 0.8500 0.7000
v 0.145078 0.130774 0.042345 0.9300 0.8500 0.7000
v 0.145078 0.130774 0.069845 0.9300 0.8500 0.7000
v 0.145078 0.130774 0.069845 0.9300 0.8500 0.7000
v 0.145078 0.155374 -0.039655 0.9300 0.8500 0.7000
v 0.145078 0.155374 -0.039655 0.9300 0.8500 0.7000
v 0.145078 0.155374 0.042345 0.9300 0.8500 0.7000
v 0.145078 0.155374 0.042345 0.9300 0.8500 0.7000
v 0.162428 0.300529 -0.084655 0.9300 0.8500 0.7000
v 0.162428 0.300529 -0.084655 0.9300 0.8500 0.7000
v 0.162428 0.300529 -0.084655 0.9300 0.8500 0.7000
v 0.162428 0.300529 -0.026155 0.9300 0.8500 0.7000
v 0.162428 0.300529 -0.026155 0.9300 0.8500 0.7000
v 0.162428 0.300529 -0.026155 0.9300 0.8500 0.7000
v 0.162428 0.300529 0.031845 0.9300 0.8500 0.7000
v 0.162428 0.300529 0.031845 0.9300 0.8500 0.7000
v 0.162428 0.300529 0.031845 0.9300 0.8500 0.7000
v 0.162428 0.300529 0.090345 0.9300 0.8500 0.7000
v 0.162428 0.300529 0.090345 0.9300 0.8500 0.7000
v 0.162428 0.300529 0.090345 0.9300 0.8500 0.7000
v 0.162428 0.358829 -0.084655 0.9300 0.8500 0.7000
v 0.162428 0.358829 -0.084655 0.9300 0.8500 0.7000
v 0.162428 0.358829 -0.084655 0.9300 0.8500 0.7000
v 0.162428 0.358829 -0.026155 0.9300 0.8500 0.7000
v 0.162428 0.358829 -0.026155 0.9300 0.8500 0.7000
v 0.162428 0.358829 -0.026155 0.9300 0.8500 0.7000
v 0.162428 0.358829 0.031845 0.9300 0.8500 0.7000
v 0.162428 0.358829 0.031845 0.9300 0.8500 0.7000
v 0.162428 0.358829 0.031845 0.9300 0.8500 0.7000
v 0.162428 0.358829 0.090345 0.9300 0.8500 0.7000
v 0.162428 0.358829 0.090345 0.9300 0.8500 0.7000
v 0.162428 0.358829 0.090345 0.9300 0.8500 0.7000
v 0.162428 0.417124 -0.084655 0.9300 0.8500 0.7000
v 0.162428 0.417124 -0.084655 0.9300 0.8500 0.7000
v 0.162428 0.417124 -0.084655 0.9300 0.8500 0.7000
v 0.162428 0.417124 -0.026155 0.9300 0.8500 0.7000
v 0.162428 0.417124 -0.026155 0.9300 0.8500 0.7000
v 0.162428 0.417124 -0.026155 0.9300 0.8500 0.7000
v 0.162428 0.417124 0.031845 0.9300 0.8500 0.7000
v 0.162428 0.417124 0.031845 0.9300 0.8500 0.7000
v 0.162428 0.417124 0.031845 0.9300 0.8500 0.7000
v 0.162428 0.417124 0.090345 0.9300 0.8500 0.7000
v 0.162428 0.417124 0.090345 0.9300 0.8500 0.7000
v 0.162428 0.417124 0.090345 0.9300 0.8500 0.7000
v 0.162428 0.475419 -0.084655 0.9300 0.8500 0.7000
v 0.162428 0.475419 -0.084655 0.9300 0.8500 0.7000
v 0.162428 0.475419 -0.084655 0.9300 0.8500 0.7000
v 0.162428 0.475419 -0.026155 0.9300 0.8500 0.7000
v 0.162428 0.475419 -0.026155 0.9300 0.8500 0.7000
v 0.162428 0.475419 -0.026155 0.9300 0.8500 0.7000
v 0.162428 0.475419 0.031845 0.9300 0.8500 0.7000
v 0.162428 0.475419 0.031845 0.9300 0.8500 0.7000
v 0.162428 0.475419 0.031845 0.9300 0.8500 0.7000
v 0.162428 0.475419 0.090345 0.9300 0.8500 0.7000
v 0.162428 0.475419 0.090345 0.9300 0.8500 0.7000
v 0.162428 0.475419 0.090345 0.9300 0.8500 0.7000
v 0.456428 0.079944 -0.097155 0.9300 0.8500 0.7000
v 0.456428 0.079944 -0.097155 0.9300 0.8500 0.7000
v 0.456428 0.079944 -0.097155 0.9300 0.8500 0.7000
v 0.456428 0.079944 0.100345 0.9300 0.8500 0.7000
v 0.456428 0.079944 0.100345 0.9300 0.8500 0.7000
v 0.456428 0.079944 0.100345 0.9300 0.8500 0.7000
v 0.456428 0.096124 0.082345 0.9300 0.8500 0.7000
v 0.456428 0.096124 0.082345 0.9300 0.8500 0.7000
v 0.456428 0.096124 0.082345 0.9300 0.8500 0.7000
v 0.456428 0.096124 0.100345 0.9300 0.8500 0.7000
v 0.456428 0.096124 0.100345 0.9300 0.8500 0.7000
v 0.456428 0.096124 0.100345 0.9300 0.8500 0.7000
v 0.456428 0.128484 -0.097155 0.9300 0.8500 0.7000
v 0.456428 0.128484 -0.097155 0.9300 0.8500 0.7000
v 0.456428 0.128484 -0.097155 0.9300 0.8500 0.7000
v 0.456428 0.128484 -0.079655 0.9300 0.8500 0.7000
v 0.456428 0.128484 -0.079655 0.9300 0.8500 0.7000
v 0.456428 0.128484 -0.079655 0.9300 0.8500 0.7000
v 0.456428 0.128484 0.064345 0.9300 0.8500 0.7000
v 0.456428 0.128484 0.064345 0.9300 0.8500 0.7000
v 0.456428 0.128484 0.064345 0.9300 0.8500 0.7000
v 0.456428 0.128484 0.082345 0.9300 0.8500 0.7000
v 0.456428 0.128484 0.082345 0.9300 0.8500 0.7000
v 0.456428 0.128484 0.082345 0.9300 0.8500 0.7000
v 0.456428 0.128484 0.082345 0.9300 0.8500 0.7000
v 0.456428 0.128484 0.082345 0.9300 0.8500 0.7000
v 0.456428 0.144664 0.028345 0.9300 0.8500 0.7000
v 0.456428 0.144664 0.028345 0.9300 0.8500 0.7000
v 0.456428 0.144664 0.028345 0.9300 0.8500 0.7000
v 0.456428 0.144664 0.064345 0.9300 0.8500 0.7000
v 0.456428 0.144664 0.064345 0.9300 0.8500 0.7000
v 0.456428 0.144664 0.064345 0.9300 0.8500 0.7000
v 0.456428 0.160844 -0.079655 0.9300 0.8500 0.7000
v 0.456428 0.160844 -0.079655 0.9300 0.8500 0.7000
v 0.456428 0.160844 -0.079655 0.9300 0.8500 0.7000
v 0.456428 0.160844 -0.043655 0.9300 0.8500 0.7000
v 0.456428 0.160844 -0.043655 0.9300 0.8500 0.7000
v 0.456428 0.160844 -0.043655 0.9300 0.8500 0.7000
v 0.456428 0.160844 -0.007655 0.9300 0.8500 0.7000
v 0.456428 0.160844 -0.007655 0.9300 0.8500 0.7000
v 0.456428 0.160844 -0.007655 0.9300 0.8500 0.7000
v 0.456428 0.160844 0.028345 0.9300 0.8500 0.7000
v 0.456428 0.160844 0.028345 0.9300 0.8500 0.7000
v 0.456428 0.160844 0.028345 0.9300 0.8500 0.7000
v 0.456428 0.177024 -0.043655 0.9300 0.8500 0.7000
v 0.456428 0.177024 -0.043655 0.9300 0.8500 0.7000
v 0.456428 0.177024 -0.043655 0.9300 0.8500 0.7000
v 0.456428 0.177024 -0.007655 0.9300 0.8500 0.7000
v 0.456428 0.177024 -0.007655 0.9300 0.8500 0.7000
v 0.456428 0.177024 -0.007655 0.9300 0.8500 0.7000
v 0.486278 0.300529 -0.084655 0.9300 0.8500 0.7000
v 0.486278 0.300529 -0.084655 0.9300 0.8500 0.7000
v 0.486278 0.300529 -0.084655 0.9300 0.8500 0.7000
v 0.486278 0.300529 -0.026155 0.9300 0.8500 0.7000
v 0.486278 0.300529 -0.026155 0.9300 0.8500 0.7000
v 0.486278 0.300529 -0.026155 0.9300 0.8500 0.7000
v 0.486278 0.300529 0.031845 0.9300 0.8500 0.7000
v 0.486278 0.300529 0.031845 0.9300 0.8500 0.7000
v 0.486278 0.300529 0.031845 0.9300 0.8500 0.7000
v 0.486278 0.300529 0.090345 0.9300 0.8500 0.7000
v 0.486278 0.300529 0.090345 0.9300 0.8500 0.7000
v 0.486278 0.300529 0.090345 0.9300 0.8500 0.7000
v 0.486278 0.358829 -0.084655 0.9300 0.8500 0.7000
v 0.486278 0.358829 -0.084655 0.9300 0.8500 0.7000
v 0.486278 0.358829 -0.084655 0.9300 0.8500 0.7000
v 0.486278 0.358829 -0.026155 0.9300 0.8500 0.7000
v 0.486278 0.358829 -0.026155 0.9300 0.8500 0.7000
v 0.486278 0.358829 -0.026155 0.9300 0.8500 0.7000
v 0.486278 0.358829 0.031845 0.9300 0.8500 0.7000
v 0.486278 0.358829 0.031845 0.9300 0.8500 0.7000
v 0.486278 0.358829 0.031845 0.9300 0.8500 0.7000
v 0.486278 0.358829 0.090345 0.9300 0.8500 0.7000
v 0.486278 0.358829 0.090345 0.9300 0.8500 0.7000
v 0.486278 0.358829 0.090345 0.9300 0.8500 0.7000
v 0.486278 0.417124 -0.084655 0.9300 0.8500 0.7000
v 0.486278 0.417124 -0.084655 0.9300 0.8500 0.7000
v 0.486278 0.417124 -0.084655 0.9300 0.8500 0.7000
v 0.486278 0.417124 -0.026155 0.9300 0.8500 0.7000
v 0.486278 0.417124 -0.026155 0.9300 0.8500 0.7000
v 0.486278 0.417124 -0.026155 0.9300 0.8500 0.7000
v 0.486278 0.417124 0.031845 0.9300 0.8500 0.7000
v 0.486278 0.417124 0.031845 0.9300 0.8500 0.7000
v 0.486278 0.417124 0.031845 0.9300 0.8500 0.7000
v 0.486278 0.417124 0.090345 0.9300 0.8500 0.7000
v 0.486278 0.417124 0.090345 0.9300 0.8500 0.7000
v 0.486278 0.417124 0.090345 0.9300 0.8500 0.7000
v 0.486278 0.475419 -0.084655 0.9300 0.8500 0.7000
v 0.486278 0.475419 -0.084655 0.9300 0.8500 0.7000
v 0.486278 0.475419 -0.084655 0.9300 0.8500 0.7000
v 0.486278 0.475419 -0.026155 0.9300 0.8500 0.7000
v 0.486278 0.475419 -0.026155 0.9300 0.8500 0.7000
v 0.486278 0.475419 -0.026155 0.9300 0.8500 0.7000
v 0.486278 0.475419 0.031845 0.9300 0.8500 0.7000
v 0.486278 0.475419 0.031845 0.9300 0.8500 0.7000
v 0.486278 0.475419 0.031845 0.9300 0.8500 0.7000
v 0.486278 0.475419 0.090345 0.9300 0.8500 0.7000
v 0.486278 0.475419 0.090345 0.9300 0.8500 0.7000
v 0.486278 0.475419 0.090345 0.9300 0.8500 0.7000
v 0.488828 0.079944 0.100345 0.9300 0.8500 0.7000
v 0.488828 0.079944 0.100345 0.9300 0.8500 0.7000
v 0.504978 0.047584 0.100345 0.9300 0.8500 0.7000
v 0.504978 0.047584 0.100345 0.9300 0.8500 0.7000
v 0.602078 0.047584 0.100345 0.9300 0.8500 0.7000
v 0.602078 0.047584 0.100345 0.9300 0.8500 0.7000
v 0.602078 0.079944 0.100345 0.9300 0.8500 0.7000
v 0.602078 0.079944 0.100345 0.9300 0.8500 0.7000
v 0.680628 0.300529 -0.084655 0.9300 0.8500 0.7000
v 0.680628 0.300529 -0.084655 0.9300 0.8500 0.7000
v 0.680628 0.300529 -0.084655 0.9300 0.8500 0.7000
v 0.680628 0.300529 -0.026155 0.9300 0.8500 0.7000
v 0.680628 0.300529 -0.026155 0.9300 0.8500 0.7000
v 0.680628 0.300529 -0.026155 0.9300 0.8500 0.7000
v 0.680628 0.300529 0.031845 0.9300 0.8500 0.7000
v 0.680628 0.300529 0.031845 0.9300 0.8500 0.7000
v 0.680628 0.300529 0.031845 0.9300 0.8500 0.7000
v 0.680628 0.300529 0.090345 0.9300 0.8500 0.7000
v 0.680628 0.300529 0.090345 0.9300 0.8500 0.7000
v 0.680628 0.300529 0.090345 0.9300 0.8500 0.7000
v 0.680628 0.358829 -0.084655 0.9300 0.8500 0.7000
v 0.680628 0.358829 -0.084655 0.9300 0.8500 0.7000
v 0.680628 0.358829 -0.084655 0.9300 0.8500 0.7000
v 0.680628 0.358829 -0.026155 0.9300 0.8500 0.7000
v 0.680628 0.358829 -0.026155 0.9300 0.8500 0.7000
v 0.680628 0.358829 -0.026155 0.9300 0.8500 0.7000
v 0.680628 0.358829 0.031845 0.9300 0.8500 0.7000
v 0.680628 0.358829 0.031845 0.9300 0.8500 0.7000
v 0.680628 0.358829 0.031845 0.9300 0.8500 0.7000
v 0.680628 0.358829 0.090345 0.9300 0.8500 0.7000
v 0.680628 0.358829 0.090345 0.9300 0.8500 0.7000
v 0.680628 0.358829 0.090345 0.9300 0.8500 0.7000
v 0.680628 0.417124 -0.084655 0.9300 0.8500 0.7000
v 0.680628 0.417124 -0.084655 0.9300 0.8500 0.7000
v 0.680628 0.417124 -0.084655 0.9300 0.8500 0.7000
v 0.680628 0.417124 -0.026155 0.9300 0.8500 0.7000
v 0.680628 0.417124 -0.026155 0.9300 0.8500 0.7000
v 0.680628 0.417124 -0.026155 0.9300 0.8500 0.7000
v 0.680628 0.417124 0.031845 0.9300 0.8500 0.7000
v 0.680628 0.417124 0.031845 0.9300 0.8500 0.7000
v 0.680628 0.417124 0.031845 0.9300 0.8500 0.7000
v 0.680628 0.417124 0.090345 0.9300 0.8500 0.7000
v 0.680628 0.417124 0.090345 0.9300 0.8500 0.7000
v 0.680628 0.417124 0.090345 0.9300 0.8500 0.7000
v 0.680628 0.475419 -0.084655 0.9300 0.8500 0.7000
v 0.680628 0.475419 -0.084655 0.9300 0.8500 0.7000
v 0.680628 0.475419 -0.084655 0.9300 0.8500 0.7000
v 0.680628 0.475419 -0.026155 0.9300 0.8500 0.7000
v 0.680628 0.475419 -0.026155 0.9300 0.8500 0.7000
v 0.680628 0.475419 -0.026155 0.9300 0.8500 0.7000
v 0.680628 0.475419 0.031845 0.9300 0.8500 0.7000
v 0.680628 0.475419 0.031845 0.9300 0.8500 0.7000
v 0.680628 0.475419 0.031845 0.9300 0.8500 0.7000
v 0.680628 0.475419 0.090345 0.9300 0.8500 0.7000
v 0.680628 0.475419 0.090345 0.9300 0.8500 0.7000
v 0.680628 0.475419 0.090345 0.9300 0.8500 0.7000
v 0.715328 0.079944 -0.097155 0.9300 0.8500 0.7000
v 0.715328 0.079944 -0.097155 0.9300 0.8500 0.7000
v 0.715328 0.079944 -0.097155 0.9300 0.8500 0.7000
v 0.715328 0.079944 0.100345 0.9300 0.8500 0.7000
v 0.715328 0.079944 0.100345 0.9300 0.8500 0.7000
v 0.715328 0.079944 0.100345 0.9300 0.8500 0.7000
v 0.715328 0.096124 0.082345 0.9300 0.8500 0.7000
v 0.715328 0.096124 0.082345 0.9300 0.8500 0.7000
v 0.715328 0.096124 0.082345 0.9300 0.8500 0.7000
v 0.715328 0.096124 0.100345 0.9300 0.8500 0.7000
v 0.715328 0.096124 0.100345 0.9300 0.8500 0.7000
v 0.715328 0.096124 0.100345 0.9300 0.8500 0.7000
v 0.715328 0.128484 -0.097155 0.9300 0.8500 0.7000
v 0.715328 0.128484 -0.097155 0.9300 0.8500 0.7000
v 0.715328 0.128484 -0.097155 0.9300 0.8500 0.7000
v 0.715328 0.128484 -0.079655 0.9300 0.8500 0.7000
v 0.715328 0.128484 -0.079655 0.9300 0.8500 0.7000
v 0.715328 0.128484 -0.079655 0.9300 0.8500 0.7000
v 0.715328 0.128484 0.064345 0.9300 0.8500 0.7000
v 0.715328 0.128484 0.064345 0.9300 0.8500 0.7000
v 0.715328 0.128484 0.064345 0.9300 0.8500 0.7000
v 0.715328 0.128484 0.082345 0.9300 0.8500 0.7000
v 0.715328 0.128484 0.082345 0.9300 0.8500 0.7000
v 0.715328 0.128484 0.082345 0.9300 0.8500 0.7000
v 0.715328 0.128484 0.082345 0.9300 0.8500 0.7000
v 0.715328 0.128484 0.082345 0.9300 0.8500 0.7000
v 0.715328 0.144664 0.028345 0.9300 0.8500 0.7000
v 0.715328 0.144664 0.028345 0.9300 0.8500 0.7000
v 0.715328 0.144664 0.028345 0.9300 0.8500 0.7000
v 0.715328 0.144664 0.064345 0.9300 0.8500 0.7000
v 0.715328 0.144664 0.064345 0.9300 0.8500 0.7000
v 0.715328 0.144664 0.064345 0.9300 0.8500 0.7000
v 0.715328 0.160844 -0.079655 0.9300 0.8500 0.7000
v 0.715328 0.160844 -0.079655 0.9300 0.8500 0.7000
v 0.715328 0.160844 -0.079655 0.9300 0.8500 0.7000
v 0.715328 0.160844 -0.043655 0.9300 0.8500 0.7000
v 0.715328 0.160844 -0.043655 0.9300 0.8500 0.7000
v 0.715328 0.160844 -0.043655 0.9300 0.8500 0.7000
v 0.715328 0.160844 -0.007655 0.9300 0.8500 0.7000
v 0.715328 0.160844 -0.007655 0.9300 0.8500 0.7000
v 0.715328 0.160844 -0.007655 0.9300 0.8500 0.7000
v 0.715328 0.160844 0.028345 0.9300 0.8500 0.7000
v 0.715328 0.160844 0.028345 0.9300 0.8500 0.7000
v 0.715328 0.160844 0.028345 0.9300 0.8500 0.7000
v 0.715328 0.177024 -0.043655 0.9300 0.8500 0.7000
v 0.715328 0.177024 -0.043655 0.9300 0.8500 0.7000
v 0.715328 0.177024 -0.043655 0.9300 0.8500 0.7000
v 0.715328 0.177024 -0.007655 0.9300 0.8500 0.7000
v 0.715328 0.177024 -0.007655 0.9300 0.8500 0.7000
v 0.715328 0.177024 -0.007655 0.9300 0.8500 0.7000
v 1.004278 0.300529 -0.084655 0.9300 0.8500 0.7000
v 1.004278 0.300529 -0.084655 0.9300 0.8500 0.7000
v 1.004278 0.300529 -0.084655 0.9300 0.8500 0.7000
v 1.004278 0.300529 -0.026155 0.9300 0.8500 0.7000
v 1.004278 0.300529 -0.026155 0.9300 0.8500 0.7000
v 1.004278 0.300529 -0.026155 0.9300 0.8500 0.7000
v 1.004278 0.300529 -0.026155 0.9300 0.8500 0.7000
v 1.004278 0.300529 0.031845 0.9300 0.8500 0.7000
v 1.004278 0.300529 0.031845 0.9300 0.8500 0.7000
v 1.004278 0.300529 0.031845 0.9300 0.8500 0.7000
v 1.004278 0.300529 0.031845 0.9300 0.8500 0.7000
v 1.004278 0.300529 0.090345 0.9300 0.8500 0.7000
v 1.004278 0.300529 0.090345 0.9300 0.8500 0.7000
v 1.004278 0.300529 0.090345 0.9300 0.8500 0.7000
v 1.004278 0.358829 -0.084655 0.9300 0.8500 0.7000
v 1.004278 0.358829 -0.084655 0.9300 0.8500 0.7000
v 1.004278 0.358829 -0.084655 0.9300 0.8500 0.7000
v 1.004278 0.358829 -0.084655 0.9300 0.8500 0.7000
v 1.004278 0.358829 -0.026155 0.9300 0.8500 0.7000
v 1.004278 0.358829 -0.026155 0.9300 0.8500 0.7000
v 1.004278 0.358829 -0.026155 0.9300 0.8500 0.7000
v 1.004278 0.358829 0.031845 0.9300 0.8500 0.7000
v 1.004278 0.358829 0.031845 0.9300 0.8500 0.7000
v 1.004278 0.358829 0.031845 0.9300 0.8500 0.7000
v 1.004278 0.358829 0.090345 0.9300 0.8500 0.7000
v 1.004278 0.358829 0.090345 0.9300 0.8500 0.7000
v 1.004278 0.358829 0.090345 0.9300 0.8500 0.7000
v 1.004278 0.358829 0.090345 0.9300 0.8500 0.7000
v 1.004278 0.417124 -0.084655 0.9300 0.8500 0.7000
v 1.004278 0.417124 -0.084655 0.9300 0.8500 0.7000
v 1.004278 0.417124 -0.084655 0.9300 0.8500 0.7000
v 1.004278 0.417124 -0.084655 0.9300 0.8500 0.7000
v 1.004278 0.417124 -0.026155 0.9300 0.8500 0.7000
v 1.004278 0.417124 -0.026155 0.9300 0.8500 0.7000
v 1.004278 0.417124 -0.026155 0.9300 0.8500 0.7000
v 1.004278 0.417124 0.031845 0.9300 0.8500 0.7000
v 1.004278 0.417124 0.031845 0.9300 0.8500 0.7000
v 1.004278 0.417124 0.031845 0.9300 0.8500 0.7000
v 1.004278 0.417124 0.090345 0.9300 0.8500 0.7000
v 1.004278 0.417124 0.090345 0.9300 0.8500 0.7000
v 1.004278 0.417124 0.090345 0.9300 0.8500 0.7000
v 1.004278 0.417124 0.090345 0.9300 0.8500 0.7000
v 1.004278 0.475419 -0.084655 0.9300 0.8500 0.7000
v 1.004278 0.475419 -0.084655 0.9300 0.8500 0.7000
v 1.004278 0.475419 -0.084655 0.9300 0.8500 0.7000
v 1.004278 0.475419 -0.026155 0.9300 0.8500 0.7000
v 1.004278 0.475419 -0.026155 0.9300 0.8500 0.7000
v 1.004278 0.475419 -0.026155 0.9300 0.8500 0.7000
v 1.004278 0.475419 -0.026155 0.9300 0.8500 0.7000
v 1.004278 0.475419 0.031845 0.9300 0.8500 0.7000
v 1.004278 0.475419 0.031845 0.9300 0.8500 0.7000
v 1.004278 0.475419 0.031845 0.9300 0.8500 0.7000
v 1.004278 0.475419 0.031845 0.9300 0.8500 0.7000
v 1.004278 0.475419 0.090345 0.9300 0.8500 0.7000
v 1.004278 0.475419 0.090345 0.9300 0.8500 0.7000
v 1.004278 0.475419 0.090345 0.9300 0.8500 0.7000
v 1.004478 0.300529 -0.026155 0.9300 0.8500 0.7000
v 1.004478 0.300529 -0.026155 0.9300 0.8500 0.7000
v 1.004478 0.300529 -0.026155 0.9300 0.8500 0.7000
v 1.004478 0.300529 -0.026155 0.9300 0.8500 0.7000
v 1.004478 0.300529 0.031845 0.9300 0.8500 0.7000
v 1.004478 0.300529 0.031845 0.9300 0.8500 0.7000
v 1.004478 0.300529 0.031845 0.9300 0.8500 0.7000
v 1.004478 0.300529 0.031845 0.9300 0.8500 0.7000
v 1.004478 0.358829 -0.084655 0.9300 0.8500 0.7000
v 1.004478 0.358829 -0.084655 0.9300 0.8500 0.7000
v 1.004478 0.358829 -0.084655 0.9300 0.8500 0.7000
v 1.004478 0.358829 -0.084655 0.9300 0.8500 0.7000
v 1.004478 0.358829 -0.026155 0.9300 0.8500 0.7000
v 1.004478 0.358829 -0.026155 0.9300 0.8500 0.7000
v 1.004478 0.358829 -0.026155 0.9300 0.8500 0.7000
v 1.004478 0.358829 -0.026155 0.9300 0.8500 0.7000
v 1.004478 0.358829 0.031845 0.9300 0.8500 0.7000
v 1.004478 0.358829 0.031845 0.9300 0.8500 0.7000
v 1.004478 0.358829 0.031845 0.9300 0.8500 0.7000
v 1.004478 0.358829 0.031845 0.9300 0.8500 0.7000
v 1.004478 0.358829 0.090345 0.9300 0.8500 0.7000
v 1.004478 0.358829 0.090345 0.9300 0.8500 0.7000
v 1.004478 0.358829 0.090345 0.9300 0.8500 0.7000
v 1.004478 0.358829 0.090345 0.9300 0.8500 0.7000
v 1.004478 0.417124 -0.084655 0.9300 0.8500 0.7000
v 1.004478 0.417124 -0.084655 0.9300 0.8500 0.7000
v 1.004478 0.417124 -0.084655 0.9300 0.8500 0.7000
v 1.004478 0.417124 -0.084655 0.9300 0.8500 0.7000
v 1.004478 0.417124 -0.026155 0.9300 0.8500 0.7000
v 1.004478 0.417124 -0.026155 0.9300 0.8500 0.7000
v 1.004478 0.417124 -0.026155 0.9300 0.8500 0.7000
v 1.004478 0.417124 -0.026155 0.9300 0.8500 0.7000
v 1.004478 0.417124 0.031845 0.9300 0.8500 0.7000
v 1.004478 0.417124 0.031845 0.9300 0.8500 0.7000
v 1.004478 0.417124 0.031845 0.9300 0.8500 0.7000
v 1.004478 0.417124 0.031845 0.9300 0.8500 0.7000
v 1.004478 0.417124 0.090345 0.9300 0.8500 0.7000
v 1.004478 0.417124 0.090345 0.9300 0.8500 0.7000
v 1.004478 0.417124 0.090345 0.9300 0.8500 0.7000
v 1.004478 0.417124 0.090345 0.9300 0.8500 0.7000
v 1.004478 0.475419 -0.026155 0.9300 0.8500 0.7000
v 1.004478 0.475419 -0.026155 0.9300 0.8500 0.7000
v 1.004478 0.475419 -0.026155 0.9300 0.8500 0.7000
v 1.004478 0.475419 -0.026155 0.9300 0.8500 0.7000
v 1.004478 0.475419 0.031845 0.9300 0.8500 0.7000
v 1.004478 0.475419 0.031845 0.9300 0.8500 0.7000
v 1.004478 0.475419 0.031845 0.9300 0.8500 0.7000
v 1.004478 0.475419 0.031845 0.9300 0.8500 0.7000
v 1.069028 0.248064 -0.026155 0.9300 0.8500 0.7000
v 1.069028 0.248064 -0.026155 0.9300 0.8500 0.7000
v 1.069028 0.248064 -0.026155 0.9300 0.8500 0.7000
v 1.069028 0.248064 0.031845 0.9300 0.8500 0.7000
v 1.069028 0.248064 0.031845 0.9300 0.8500 0.7000
v 1.069028 0.248064 0.031845 0.9300 0.8500 0.7000
v 1.069028 0.300529 -0.026155 0.9300 0.8500 0.7000
v 1.069028 0.300529 -0.026155 0.9300 0.8500 0.7000
v 1.069028 0.300529 -0.026155 0.9300 0.8500 0.7000
v 1.069028 0.300529 0.031845 0.9300 0.8500 0.7000
v 1.069028 0.300529 0.031845 0.9300 0.8500 0.7000
v 1.069028 0.300529 0.031845 0.9300 0.8500 0.7000
v 1.069028 0.358829 -0.141655 0.9300 0.8500 0.7000
v 1.069028 0.358829 -0.141655 0.9300 0.8500 0.7000
v 1.069028 0.358829 -0.141655 0.9300 0.8500 0.7000
v 1.069028 0.358829 -0.084655 0.9300 0.8500 0.7000
v 1.069028 0.358829 -0.084655 0.9300 0.8500 0.7000
v 1.069028 0.358829 -0.084655 0.9300 0.8500 0.7000
v 1.069028 0.358829 0.090345 0.9300 0.8500 0.7000
v 1.069028 0.358829 0.090345 0.9300 0.8500 0.7000
v 1.069028 0.358829 0.090345 0.9300 0.8500 0.7000
v 1.069028 0.358829 0.146845 0.9300 0.8500 0.7000
v 1.069028 0.358829 0.146845 0.9300 0.8500 0.7000
v 1.069028 0.358829 0.146845 0.9300 0.8500 0.7000
v 1.069028 0.417124 -0.141655 0.9300 0.8500 0.7000
v 1.069028 0.417124 -0.141655 0.9300 0.8500 0.7000
v 1.069028 0.417124 -0.141655 0.9300 0.8500 0.7000
v 1.069028 0.417124 -0.084655 0.9300 0.8500 0.7000
v 1.069028 0.417124 -0.084655 0.9300 0.8500 0.7000
v 1.069028 0.417124 -0.084655 0.9300 0.8500 0.7000
v 1.069028 0.417124 0.090345 0.9300 0.8500 0.7000
v 1.069028 0.417124 0.090345 0.9300 0.8500 0.7000
v 1.069028 0.417124 0.090345 0.9300 0.8500 0.7000
v 1.069028 0.417124 0.146845 0.9300 0.8500 0.7000
v 1.069028 0.417124 0.146845 0.9300 0.8500 0.7000
v 1.069028 0.417124 0.146845 0.9300 0.8500 0.7000
v 1.069028 0.475419 -0.026155 0.9300 0.8500 0.7000
v 1.069028 0.475419 -0.026155 0.9300 0.8500 0.7000
v 1.069028 0.475419 -0.026155 0.9300 0.8500 0.7000
v 1.069028 0.475419 0.031845 0.9300 0.8500 0.7000
v 1.069028 0.475419 0.031845 0.9300 0.8500 0.7000
v 1.069028 0.475419 0.031845 0.9300 0.8500 0.7000
v 1.069028 0.527889 -0.026155 0.9300 0.8500 0.7000
v 1.069028 0.527889 -0.026155 0.9300 0.8500 0.7000
v 1.069028 0.527889 -0.026155 0.9300 0.8500 0.7000
v 1.069028 0.527889 0.031845 0.9300 0.8500 0.7000
v 1.069028 0.527889 0.031845 0.9300 0.8500 0.7000
v 1.069028 0.527889 0.031845 0.9300 0.8500 0.7000
v 1.071278 -0.000956 -0.043655 0.9300 0.8500 0.7000
v 1.071278 -0.000956 -0.043655 0.9300 0.8500 0.7000
v 1.071278 -0.000956 -0.043655 0.9300 0.8500 0.7000
v 1.071278 -0.000956 0.046345 0.9300 0.8500 0.7000
v 1.071278 -0.000956 0.046345 0.9300 0.8500 0.7000
v 1.071278 -0.000956 0.046345 0.9300 0.8500 0.7000
v 1.071278 0.015224 -0.079655 0.9300 0.8500 0.7000
v 1.071278 0.015224 -0.079655 0.9300 0.8500 0.7000
v 1.071278 0.015224 -0.079655 0.9300 0.8500 0.7000
v 1.071278 0.015224 -0.043655 0.9300 0.8500 0.7000
v 1.071278 0.015224 -0.043655 0.9300 0.8500 0.7000
v 1.071278 0.015224 -0.043655 0.9300 0.8500 0.7000
v 1.071278 0.015224 0.046345 0.9300 0.8500 0.7000
v 1.071278 0.015224 0.046345 0.9300 0.8500 0.7000
v 1.071278 0.015224 0.046345 0.9300 0.8500 0.7000
v 1.071278 0.015224 0.082345 0.9300 0.8500 0.7000
v 1.071278 0.015224 0.082345 0.9300 0.8500 0.7000
v 1.071278 0.015224 0.082345 0.9300 0.8500 0.7000
v 1.071278 0.047584 -0.097155 0.9300 0.8500 0.7000
v 1.071278 0.047584 -0.097155 0.9300 0.8500 0.7000
v 1.071278 0.047584 -0.097155 0.9300 0.8500 0.7000
v 1.071278 0.047584 -0.079655 0.9300 0.8500 0.7000
v 1.071278 0.047584 -0.079655 0.9300 0.8500 0.7000
v 1.071278 0.047584 -0.079655 0.9300 0.8500 0.7000
v 1.071278 0.047584 0.082345 0.9300 0.8500 0.7000
v 1.071278 0.047584 0.082345 0.9300 0.8500 0.7000
v 1.071278 0.047584 0.082345 0.9300 0.8500 0.7000
v 1.071278 0.047584 0.100345 0.9300 0.8500 0.7000
v 1.071278 0.047584 0.100345 0.9300 0.8500 0.7000
v 1.071278 0.047584 0.100345 0.9300 0.8500 0.7000
v 1.071278 0.128484 -0.097155 0.9300 0.8500 0.7000
v 1.071278 0.128484 -0.097155 0.9300 0.8500 0.7000
v 1.071278 0.128484 -0.097155 0.9300 0.8500 0.7000
v 1.071278 0.128484 -0.079655 0.9300 0.8500 0.7000
v 1.071278 0.128484 -0.079655 0.9300 0.8500 0.7000
v 1.071278 0.128484 -0.079655 0.9300 0.8500 0.7000
v 1.071278 0.128484 0.082345 0.9300 0.8500 0.7000
v 1.071278 0.128484 0.082345 0.9300 0.8500 0.7000
v 1.071278 0.128484 0.082345 0.9300 0.8500 0.7000
v 1.071278 0.128484 0.100345 0.9300 0.8500 0.7000
v 1.071278 0.128484 0.100345 0.9300 0.8500 0.7000
v 1.071278 0.128484 0.100345 0.9300 0.8500 0.7000
v 1.071278 0.160844 -0.079655 0.9300 0.8500 0.7000
v 1.071278 0.160844 -0.079655 0.9300 0.8500 0.7000
v 1.071278 0.160844 -0.079655 0.9300 0.8500 0.7000
v 1.071278 0.160844 -0.043655 0.9300 0.8500 0.7000
v 1.071278 0.160844 -0.043655 0.9300 0.8500 0.7000
v 1.071278 0.160844 -0.043655 0.9300 0.8500 0.7000
v 1.071278 0.160844 0.046345 0.9300 0.8500 0.7000
v 1.071278 0.160844 0.046345 0.9300 0.8500 0.7000
v 1.071278 0.160844 0.046345 0.9300 0.8500 0.7000
v 1.071278 0.160844 0.082345 0.9300 0.8500 0.7000
v 1.071278 0.160844 0.082345 0.9300 0.8500 0.7000
v 1.071278 0.160844 0.082345 0.9300 0.8500 0.7000
v 1.071278 0.177024 -0.043655 0.9300 0.8500 0.7000
v 1.071278 0.177024 -0.043655 0.9300 0.8500 0.7000
v 1.071278 0.177024 -0.043655 0.9300 0.8500 0.7000
v 1.071278 0.177024 0.046345 0.9300 0.8500 0.7000
v 1.071278 0.177024 0.046345 0.9300 0.8500 0.7000
v 1.071278 0.177024 0.046345 0.9300 0.8500 0.7000
v 1.133828 0.248064 -0.084655 0.9300 0.8500 0.7000
v 1.133828 0.248064 -0.084655 0.9300 0.8500 0.7000
v 1.133828 0.248064 -0.084655 0.9300 0.8500 0.7000
v 1.133828 0.248064 -0.026155 0.9300 0.8500 0.7000
v 1.133828 0.248064 -0.026155 0.9300 0.8500 0.7000
v 1.133828 0.248064 -0.026155 0.9300 0.8500 0.7000
v 1.133828 0.248064 0.031845 0.9300 0.8500 0.7000
v 1.133828 0.248064 0.031845 0.9300 0.8500 0.7000
v 1.133828 0.248064 0.031845 0.9300 0.8500 0.7000
v 1.133828 0.248064 0.090345 0.9300 0.8500 0.7000
v 1.133828 0.248064 0.090345 0.9300 0.8500 0.7000
v 1.133828 0.248064 0.090345 0.9300 0.8500 0.7000
v 1.133828 0.300529 -0.141655 0.9300 0.8500 0.7000
v 1.133828 0.300529 -0.141655 0.9300 0.8500 0.7000
v 1.133828 0.300529 -0.141655 0.9300 0.8500 0.7000
v 1.133828 0.300529 -0.084655 0.9300 0.8500 0.7000
v 1.133828 0.300529 -0.084655 0.9300 0.8500 0.7000
v 1.133828 0.300529 -0.084655 0.9300 0.8500 0.7000
v 1.133828 0.300529 -0.026155 0.9300 0.8500 0.7000
v 1.133828 0.300529 -0.026155 0.9300 0.8500 0.7000
v 1.133828 0.300529 -0.026155 0.9300 0.8500 0.7000
v 1.133828 0.300529 0.031845 0.9300 0.8500 0.7000
v 1.133828 0.300529 0.031845 0.9300 0.8500 0.7000
v 1.133828 0.300529 0.031845 0.9300 0.8500 0.7000
v 1.133828 0.300529 0.090345 0.9300 0.8500 0.7000
v 1.133828 0.300529 0.090345 0.9300 0.8500 0.7000
v 1.133828 0.300529 0.090345 0.9300 0.8500 0.7000
v 1.133828 0.300529 0.146845 0.9300 0.8500 0.7000
v 1.133828 0.300529 0.146845 0.9300 0.8500 0.7000
v 1.133828 0.300529 0.146845 0.9300 0.8500 0.7000
v 1.133828 0.358829 -0.141655 0.9300 0.8500 0.7000
v 1.133828 0.358829 -0.141655 0.9300 0.8500 0.7000
v 1.133828 0.358829 -0.141655 0.9300 0.8500 0.7000
v 1.133828 0.358829 -0.084655 0.9300 0.8500 0.7000
v 1.133828 0.358829 -0.084655 0.9300 0.8500 0.7000
v 1.133828 0.358829 -0.084655 0.9300 0.8500 0.7000
v 1.133828 0.358829 0.090345 0.9300 0.8500 0.7000
v 1.133828 0.358829 0.090345 0.9300 0.8500 0.7000
v 1.133828 0.358829 0.090345 0.9300 0.8500 0.7000
v 1.133828 0.358829 0.146845 0.9300 0.8500 0.7000
v 1.133828 0.358829 0.146845 0.9300 0.8500 0.7000
v 1.133828 0.358829 0.146845 0.9300 0.8500 0.7000
v 1.133828 0.417124 -0.141655 0.9300 0.8500 0.7000
v 1.133828 0.417124 -0.141655 0.9300 0.8500 0.7000
v 1.133828 0.417124 -0.141655 0.9300 0.8500 0.7000
v 1.133828 0.417124 -0.084655 0.9300 0.8500 0.7000
v 1.133828 0.417124 -0.084655 0.9300 0.8500 0.7000
v 1.133828 0.417124 -0.084655 0.9300 0.8500 0.7000
v 1.133828 0.417124 0.090345 0.9300 0.8500 0.7000
v 1.133828 0.417124 0.090345 0.9300 0.8500 0.7000
v 1.133828 0.417124 0.090345 0.9300 0.8500 0.7000
v 1.133828 0.417124 0.146845 0.9300 0.8500 0.7000
v 1.133828 0.417124 0.146845 0.9300 0.8500 0.7000
v 1.133828 0.417124 0.146845 0.9300 0.8500 0.7000
v 1.133828 0.475419 -0.141655 0.9300 0.8500 0.7000
v 1.133828 0.475419 -0.141655 0.9300 0.8500 0.7000
v 1.133828 0.475419 -0.141655 0.9300 0.8500 0.7000
v 1.133828 0.475419 -0.084655 0.9300 0.8500 0.7000
v 1.133828 0.475419 -0.084655 0.9300 0.8500 0.7000
v 1.133828 0.475419 -0.084655 0.9300 0.8500 0.7000
v 1.133828 0.475419 -0.026155 0.9300 0.8500 0.7000
v 1.133828 0.475419 -0.026155 0.9300 0.8500 0.7000
v 1.133828 0.475419 -0.026155 0.9300 0.8500 0.7000
v 1.133828 0.475419 0.031845 0.9300 0.8500 0.7000
v 1.133828 0.475419 0.031845 0.9300 0.8500 0.7000
v 1.133828 0.475419 0.031845 0.9300 0.8500 0.7000
v 1.133828 0.475419 0.090345 0.9300 0.8500 0.7000
v 1.133828 0.475419 0.090345 0.9300 0.8500 0.7000
v 1.133828 0.475419 0.090345 0.9300 0.8500 0.7000
v 1.133828 0.475419 0.146845 0.9300 0.8500 0.7000
v 1.133828 0.475419 0.146845 0.9300 0.8500 0.7000
v 1.133828 0.475419 0.146845 0.9300 0.8500 0.7000
v 1.133828 0.527889 -0.084655 0.9300 0.8500 0.7000
v 1.133828 0.527889 -0.084655 0.9300 0.8500 0.7000
v 1.133828 0.527889 -0.084655 0.9300 0.8500 0.7000
v 1.133828 0.527889 -0.026155 0.9300 0.8500 0.7000
v 1.133828 0.527889 -0.026155 0.9300 0.8500 0.7000
v 1.133828 0.527889 -0.026155 0.9300 0.8500 0.7000
v 1.133828 0.527889 0.031845 0.9300 0.8500 0.7000
v 1.133828 0.527889 0.031845 0.9300 0.8500 0.7000
v 1.133828 0.527889 0.031845 0.9300 0.8500 0.7000
v 1.133828 0.527889 0.090345 0.9300 0.8500 0.7000
v 1.133828 0.527889 0.090345 0.9300 0.8500 0.7000
v 1.133828 0.527889 0.090345 0.9300 0.8500 0.7000
v 1.323028 0.300529 -0.093655 0.9300 0.8500 0.7000
v 1.323028 0.300529 -0.093655 0.9300 0.8500 0.7000
v 1.323028 0.300529 0.098845 0.9300 0.8500 0.7000
v 1.323028 0.300529 0.098845 0.9300 0.8500 0.7000
v 1.323028 0.475419 -0.093655 0.9300 0.8500 0.7000
v 1.323028 0.475419 -0.093655 0.9300 0.8500 0.7000
v 1.323028 0.475419 0.098845 0.9300 0.8500 0.7000
v 1.323028 0.475419 0.098845 0.9300 0.8500 0.7000
v 1.388128 0.248064 -0.084655 0.9300 0.8500 0.7000
v 1.388128 0.248064 -0.084655 0.9300 0.8500 0.7000
v 1.388128 0.248064 -0.084655 0.9300 0.8500 0.7000
v 1.388128 0.248064 0.090345 0.9300 0.8500 0.7000
v 1.388128 0.248064 0.090345 0.9300 0.8500 0.7000
v 1.388128 0.248064 0.090345 0.9300 0.8500 0.7000
v 1.388128 0.300529 -0.141655 0.9300 0.8500 0.7000
v 1.388128 0.300529 -0.141655 0.9300 0.8500 0.7000
v 1.388128 0.300529 -0.141655 0.9300 0.8500 0.7000
v 1.388128 0.300529 -0.093655 0.9300 0.8500 0.7000
v 1.388128 0.300529 -0.093655 0.9300 0.8500 0.7000
v 1.388128 0.300529 -0.093655 0.9300 0.8500 0.7000
v 1.388128 0.300529 -0.093655 0.9300 0.8500 0.7000
v 1.388128 0.300529 -0.084655 0.9300 0.8500 0.7000
v 1.388128 0.300529 -0.084655 0.9300 0.8500 0.7000
v 1.388128 0.300529 -0.084655 0.9300 0.8500 0.7000
v 1.388128 0.300529 -0.084655 0.9300 0.8500 0.7000
v 1.388128 0.300529 0.090345 0.9300 0.8500 0.7000
v 1.388128 0.300529 0.090345 0.9300 0.8500 0.7000
v 1.388128 0.300529 0.090345 0.9300 0.8500 0.7000
v 1.388128 0.300529 0.090345 0.9300 0.8500 0.7000
v 1.388128 0.300529 0.098845 0.9300 0.8500 0.7000
v 1.388128 0.300529 0.098845 0.9300 0.8500 0.7000
v 1.388128 0.300529 0.098845 0.9300 0.8500 0.7000
v 1.388128 0.300529 0.098845 0.9300 0.8500 0.7000
v 1.388128 0.300529 0.146845 0.9300 0.8500 0.7000
v 1.388128 0.300529 0.146845 0.9300 0.8500 0.7000
v 1.388128 0.300529 0.146845 0.9300 0.8500 0.7000
v 1.388128 0.475419 -0.141655 0.9300 0.8500 0.7000
v 1.388128 0.475419 -0.141655 0.9300 0.8500 0.7000
v 1.388128 0.475419 -0.141655 0.9300 0.8500 0.7000
v 1.388128 0.475419 -0.093655 0.9300 0.8500 0.7000
v 1.388128 0.475419 -0.093655 0.9300 0.8500 0.7000
v 1.388128 0.475419 -0.093655 0.9300 0.8500 0.7000
v 1.388128 0.475419 -0.093655 0.9300 0.8500 0.7000
v 1.388128 0.475419 -0.084655 0.9300 0.8500 0.7000
v 1.388128 0.475419 -0.084655 0.9300 0.8500 0.7000
v 1.388128 0.475419 -0.084655 0.9300 0.8500 0.7000
v 1.388128 0.475419 -0.084655 0.9300 0.8500 0.7000
v 1.388128 0.475419 0.090345 0.9300 0.8500 0.7000
v 1.388128 0.475419 0.090345 0.9300 0.8500 0.7000
v 1.388128 0.475419 0.090345 0.9300 0.8500 0.7000
v 1.388128 0.475419 0.090345 0.9300 0.8500 0.7000
v 1.388128 0.475419 0.098845 0.9300 0.8500 0.7000
v 1.388128 0.475419 0.098845 0.9300 0.8500 0.7000
v 1.388128 0.475419 0.098845 0.9300 0.8500 0.7000
v 1.388128 0.475419 0.098845 0.9300 0.8500 0.7000
v 1.388128 0.475419 0.146845 0.9300 0.8500 0.7000
v 1.388128 0.475419 0.146845 0.9300 0.8500 0.7000
v 1.388128 0.475419 0.146845 0.9300 0.8500 0.7000
v 1.388128 0.527889 -0.084655 0.9300 0.8500 0.7000
v 1.388128 0.527889 -0.084655 0.9300 0.8500 0.7000
v 1.388128 0.527889 -0.084655 0.9300 0.8500 0.7000
v 1.388128 0.527889 0.090345 0.9300 0.8500 0.7000
v 1.388128 0.527889 0.090345 0.9300 0.8500 0.7000
v 1.388128 0.527889 0.090345 0.9300 0.8500 0.7000
v 1.682528 0.002979 -0.099155 0.9300 0.8500 0.7000
v 1.682528 0.002979 -0.099155 0.9300 0.8500 0.7000
v 1.682528 0.002979 -0.099155 0.9300 0.8500 0.7000
v 1.682528 0.002979 0.102345 0.9300 0.8500 0.7000
v 1.682528 0.002979 0.102345 0.9300 0.8500 0.7000
v 1.682528 0.002979 0.102345 0.9300 0.8500 0.7000
v 1.682528 0.080724 -0.099155 0.9300 0.8500 0.7000
v 1.682528 0.080724 -0.099155 0.9300 0.8500 0.7000
v 1.682528 0.080724 -0.099155 0.9300 0.8500 0.7000
v 1.682528 0.080724 0.102345 0.9300 0.8500 0.7000
v 1.682528 0.080724 0.102345 0.9300 0.8500 0.7000
v 1.682528 0.080724 0.102345 0.9300 0.8500 0.7000
v 1.708428 0.080724 -0.099155 0.9300 0.8500 0.7000
v 1.708428 0.080724 -0.099155 0.9300 0.8500 0.7000
v 1.708428 0.080724 -0.099155 0.9300 0.8500 0.7000
v 1.708428 0.080724 0.102345 0.9300 0.8500 0.7000
v 1.708428 0.080724 0.102345 0.9300 0.8500 0.7000
v 1.708428 0.080724 0.102345 0.9300 0.8500 0.7000
v 1.708428 0.106644 -0.099155 0.9300 0.8500 0.7000
v 1.708428 0.106644 -0.099155 0.9300 0.8500 0.7000
v 1.708428 0.106644 -0.099155 0.9300 0.8500 0.7000
v 1.708428 0.106644 0.102345 0.9300 0.8500 0.7000
v 1.708428 0.106644 0.102345 0.9300 0.8500 0.7000
v 1.708428 0.106644 0.102345 0.9300 0.8500 0.7000
v 1.734328 0.106644 -0.099155 0.9300 0.8500 0.7000
v 1.734328 0.106644 -0.099155 0.9300 0.8500 0.7000
v 1.734328 0.106644 -0.099155 0.9300 0.8500 0.7000
v 1.734328 0.106644 0.102345 0.9300 0.8500 0.7000
v 1.734328 0.106644 0.102345 0.9300 0.8500 0.7000
v 1.734328 0.106644 0.102345 0.9300 0.8500 0.7000
v 1.734328 0.132559 -0.099155 0.9300 0.8500 0.7000
v 1.734328 0.132559 -0.099155 0.9300 0.8500 0.7000
v 1.734328 0.132559 -0.099155 0.9300 0.8500 0.7000
v 1.734328 0.132559 0.102345 0.9300 0.8500 0.7000
v 1.734328 0.132559 0.102345 0.9300 0.8500 0.7000
v 1.734328 0.132559 0.102345 0.9300 0.8500 0.7000
v 2.382228 0.106639 -0.099155 0.9300 0.8500 0.7000
v 2.382228 0.106639 -0.099155 0.9300 0.8500 0.7000
v 2.382228 0.106639 -0.099155 0.9300 0.8500 0.7000
v 2.382228 0.106639 0.102345 0.9300 0.8500 0.7000
v 2.382228 0.106639 0.102345 0.9300 0.8500 0.7000
v 2.382228 0.106639 0.102345 0.9300 0.8500 0.7000
v 2.382228 0.132559 -0.099155 0.9300 0.8500 0.7000
v 2.382228 0.132559 -0.099155 0.9300 0.8500 0.7000
v 2.382228 0.132559 -0.099155 0.9300 0.8500 0.7000
v 2.382228 0.132559 0.102345 0.9300 0.8500 0.7000
v 2.382228 0.132559 0.102345 0.9300 0.8500 0.7000
v 2.382228 0.132559 0.102345 0.9300 0.8500 0.7000
v 2.408178 0.080724 -0.099155 0.9300 0.8500 0.7000
v 2.408178 0.080724 -0.099155 0.9300 0.8500 0.7000
v 2.408178 0.080724 -0.099155 0.9300 0.8500 0.7000
v 2.408178 0.080724 0.102345 0.9300 0.8500 0.7000
v 2.408178 0.080724 0.102345 0.9300 0.8500 0.7000
v 2.408178 0.080724 0.102345 0.9300 0.8500 0.7000
v 2.408178 0.106639 -0.099155 0.9300 0.8500 0.7000
v 2.408178 0.106639 -0.099155 0.9300 0.8500 0.7000
v 2.408178 0.106639 -0.099155 0.9300 0.8500 0.7000
v 2.408178 0.106639 0.102345 0.9300 0.8500 0.7000
v 2.408178 0.106639 0.102345 0.9300 0.8500 0.7000
v 2.408178 0.106639 0.102345 0.9300 0.8500 0.7000
v 2.434078 0.002979 -0.099155 0.9300 0.8500 0.7000
v 2.434078 0.002979 -0.099155 0.9300 0.8500 0.7000
v 2.434078 0.002979 -0.099155 0.9300 0.8500 0.7000
v 2.434078 0.002979 0.102345 0.9300 0.8500 0.7000
v 2.434078 0.002979 0.102345 0.9300 0.8500 0.7000
v 2.434078 0.002979 0.102345 0.9300 0.8500 0.7000
v 2.434078 0.080724 -0.099155 0.9300 0.8500 0.7000
v 2.434078 0.080724 -0.099155 0.9300 0.8500 0.7000
v 2.434078 0.080724 -0.099155 0.9300 0.8500 0.7000
v 2.434078 0.080724 0.102345 0.9300 0.8500 0.7000
v 2.434078 0.080724 0.102345 0.9300 0.8500 0.7000
v 2.434078 0.080724 0.102345 0.9300 0.8500 0.7000
v 2.488428 -0.530961 -0.155155 0.9300 0.8500 0.7000
v 2.488428 -0.530961 -0.155155 0.9300 0.8500 0.7000
v 2.488428 -0.530961 -0.155155 0.9300 0.8500 0.7000
v 2.488428 -0.530961 0.158345 0.9300 0.8500 0.7000
v 2.488428 -0.530961 0.158345 0.9300 0.8500 0.7000
v 2.488428 -0.530961 0.158345 0.9300 0.8500 0.7000
v 2.488428 0.055019 -0.155155 0.9300 0.8500 0.7000
v 2.488428 0.055019 -0.155155 0.9300 0.8500 0.7000
v 2.488428 0.055019 -0.155155 0.9300 0.8500 0.7000
v 2.488428 0.055019 0.158345 0.9300 0.8500 0.7000
v 2.488428 0.055019 0.158345 0.9300 0.8500 0.7000
v 2.488428 0.055019 0.158345 0.9300 0.8500 0.7000
v 2.596928 -0.552666 -0.155155 0.9300 0.8500 0.7000
v 2.596928 -0.552666 -0.155155 0.9300 0.8500 0.7000
v 2.596928 -0.552666 -0.155155 0.9300 0.8500 0.7000
v 2.596928 -0.552666 0.158345 0.9300 0.8500 0.7000
v 2.596928 -0.552666 0.158345 0.9300 0.8500 0.7000
v 2.596928 -0.552666 0.158345 0.9300 0.8500 0.7000
v 2.596928 -0.530961 -0.155155 0.9300 0.8500 0.7000
v 2.596928 -0.530961 -0.155155 0.9300 0.8500 0.7000
v 2.596928 -0.530961 -0.155155 0.9300 0.8500 0.7000
v 2.596928 -0.530961 0.158345 0.9300 0.8500 0.7000
v 2.596928 -0.530961 0.158345 0.9300 0.8500 0.7000
v 2.596928 -0.530961 0.158345 0.9300 0.8500 0.7000
v 2.640378 -0.574366 -0.155155 0.9300 0.8500 0.7000
v 2.640378 -0.574366 -0.155155 0.9300 0.8500 0.7000
v 2.640378 -0.574366 -0.155155 0.9300 0.8500 0.7000
v 2.640378 -0.574366 0.158345 0.9300 0.8500 0.7000
v 2.640378 -0.574366 0.158345 0.9300 0.8500 0.7000
v 2.640378 -0.574366 0.158345 0.9300 0.8500 0.7000
v 2.640378 -0.552666 -0.155155 0.9300 0.8500 0.7000
v 2.640378 -0.552666 -0.155155 0.9300 0.8500 0.7000
v 2.640378 -0.552666 -0.155155 0.9300 0.8500 0.7000
v 2.640378 -0.552666 0.158345 0.9300 0.8500 0.7000
v 2.640378 -0.552666 0.158345 0.9300 0.8500 0.7000
v 2.640378 -0.552666 0.158345 0.9300 0.8500 0.7000
v 2.683778 -0.574366 -0.155155 0.9300 0.8500 0.7000
v 2.683778 -0.574366 -0.155155 0.9300 0.8500 0.7000
v 2.683778 -0.574366 -0.155155 0.9300 0.8500 0.7000
v 2.683778 -0.574366 0.158345 0.9300 0.8500 0.7000
v 2.683778 -0.574366 0.158345 0.9300 0.8500 0.7000
v 2.683778 -0.574366 0.158345 0.9300 0.8500 0.7000
v 2.683778 0.055019 -0.155155 0.9300 0.8500 0.7000
v 2.683778 0.055019 -0.155155 0.9300 0.8500 0.7000
v 2.683778 0.055019 -0.155155 0.9300 0.8500 0.7000
v 2.683778 0.055019 0.158345 0.9300 0.8500 0.7000
v 2.683778 0.055019 0.158345 0.9300 0.8500 0.7000
v 2.683778 0.055019 0.158345 0.9300 0.8500 0.7000
vn -1.00000 0.00000 0.00000
vn 0.00000 -1.00000 0.00000
vn 0.00000 0.00000 -1.00000
vn -1.00000 0.00000 0.00000
vn 0.00000 -1.00000 0.00000
vn 0.00000 0.00000 1.00000
vn -1.00000 0.00000 0.00000
vn 0.00000 -1.00000 0.00000
vn 0.00000 0.00000 -1.00000
vn -1.00000 0.00000 0.00000
vn 0.00000 -1.00000 0.00000
vn 0.00000 0.00000 -1.00000
vn 0.00000 0.00000 1.00000
vn 0.00000 1.00000 0.00000
vn -1.00000 0.00000 0.00000
vn 0.00000 -1.00000 0.00000
vn 0.00000 0.00000 -1.00000
vn 0.00000 0.00000 1.00000
vn 0.00000 1.00000 0.00000
vn -1.00000 0.00000 0.00000
vn 0.00000 -1.00000 0.00000
vn 0.00000 0.00000 1.00000
vn -1.00000 0.00000 0.00000
vn 0.00000 0.00000 1.00000
vn 0.00000 1.00000 0.00000
vn -1.00000 0.00000 0.00000
vn 0.00000 0.00000 1.00000
vn 0.00000 1.00000 0.00000
vn -1.00000 0.00000 0.00000
vn 0.00000 0.00000 -1.00000
vn 0.00000 1.00000 0.00000
vn -1.00000 0.00000 0.00000
vn 0.00000 0.00000 -1.00000
vn 0.00000 1.00000 0.00000
vn -1.00000 0.00000 0.00000
vn 0.00000 -1.00000 0.00000
vn 0.00000 0.00000 -1.00000
vn -1.00000 0.00000 0.00000
vn 0.00000 -1.00000 0.00000
vn 0.00000 0.00000 -1.00000
vn 0.00000 0.00000 1.00000
vn 0.00000 1.00000 0.00000
vn -1.00000 0.00000 0.00000
vn 0.00000 0.00000 1.00000
vn 0.00000 1.00000 0.00000
vn -1.00000 0.00000 0.00000
vn 0.00000 0.00000 -1.00000
vn 0.00000 1.00000 0.00000
vn -1.00000 0.00000 0.00000
vn 0.00000 -1.00000 0.00000
vn 0.00000 0.00000 -1.00000
vn 0.00000 0.00000 1.00000
vn 0.00000 1.00000 0.00000
vn -1.00000 0.00000 0.00000
vn 0.00000 -1.00000 0.00000
vn 0.00000 0.00000 1.00000
vn -1.00000 0.00000 0.00000
vn 0.00000 0.00000 -1.00000
vn 0.00000 1.00000 0.00000
vn -1.00000 0.00000 0.00000
vn 0.00000 -1.00000 0.00000
vn 0.00000 0.00000 -1.00000
vn 0.00000 0.00000 1.00000
vn 0.00000 1.00000 0.00000
vn -1.00000 0.00000 0.00000
vn 0.00000 -1.00000 0.00000
vn 0.00000 0.00000 1.00000
vn -1.00000 0.00000 0.00000
vn 0.00000 -1.00000 0.00000
vn 0.00000 0.00000 -1.00000
vn -1.00000 0.00000 0.00000
vn 0.00000 -1.00000 0.00000
vn 0.00000 0.00000 -1.00000
vn 0.00000 0.00000 1.00000
vn 0.00000 1.00000 0.00000
vn -1.00000 0.00000 0.00000
vn 0.00000 0.00000 1.00000
vn 0.00000 1.00000 0.00000
vn -1.00000 0.00000 0.00000
vn 0.00000 0.00000 -1.00000
vn 0.00000 1.00000 0.00000
vn -1.00000 0.00000 0.00000
vn 0.00000 -1.00000 0.00000
vn 0.00000 0.00000 -1.00000
vn 0.00000 0.00000 1.00000
vn 0.00000 1.00000 0.00000
vn -1.00000 0.00000 0.00000
vn 0.00000 -1.00000 0.00000
vn 0.00000 0.00000 -1.00000
vn 0.00000 0.00000 1.00000
vn 0.00000 1.00000 0.00000
vn -1.00000 0.00000 0.00000
vn 0.00000 0.00000 1.00000
vn 0.00000 1.00000 0.00000
vn -1.00000 0.00000 0.00000
vn 0.00000 0.00000 -1.00000
vn 0.00000 1.00000 0.00000
vn -1.00000 0.00000 0.00000
vn 0.00000 0.00000 1.00000
vn 0.00000 1.00000 0.00000
vn -1.00000 0.00000 0.00000
vn 0.00000 -1.00000 0.00000
vn 0.00000 0.00000 -1.00000
vn 0.00000 0.00000 1.00000
vn 0.00000 1.00000 0.00000
vn -1.00000 0.00000 0.00000
vn 0.00000 -1.00000 0.00000
vn 0.00000 0.00000 -1.00000
vn 0.00000 0.00000 1.00000
vn 0.00000 1.00000 0.00000
vn -1.00000 0.00000 0.00000
vn 0.00000 0.00000 1.00000
vn 0.00000 1.00000 0.00000
vn -1.00000 0.00000 0.00000
vn 0.00000 0.00000 1.00000
vn 0.00000 1.00000 0.00000
vn -1.00000 0.00000 0.00000
vn 0.00000 0.00000 -1.00000
vn 0.00000 1.00000 0.00000
vn -1.00000 0.00000 0.00000
vn 0.00000 0.00000 -1.00000
vn 0.00000 1.00000 0.00000
vn -1.00000 0.00000 0.00000
vn 0.00000 -1.00000 0.00000
vn 0.00000 0.00000 -1.00000
vn 0.00000 0.00000 1.00000
vn 0.00000 1.00000 0.00000
vn -1.00000 0.00000 0.00000
vn 0.00000 0.00000 1.00000
vn 0.00000 1.00000 0.00000
vn -1.00000 0.00000 0.00000
vn 0.00000 0.00000 -1.00000
vn 0.00000 1.00000 0.00000
vn -1.00000 0.00000 0.00000
vn 0.00000 -1.00000 0.00000
vn 0.00000 0.00000 -1.00000
vn 0.00000 0.00000 1.00000
vn 0.00000 1.00000 0.00000
vn -1.00000 0.00000 0.00000
vn 0.00000 -1.00000 0.00000
vn 0.00000 0.00000 -1.00000
vn 0.00000 0.00000 1.00000
vn 0.00000 1.00000 0.00000
vn -1.00000 0.00000 0.00000
vn 0.00000 -1.00000 0.00000
vn 0.00000 0.00000 1.00000
vn -1.00000 0.00000 0.00000
vn 0.00000 -1.00000 0.00000
vn 0.00000 0.00000 -1.00000
vn -1.00000 0.00000 0.00000
vn 0.00000 -1.00000 0.00000
vn 0.00000 0.00000 -1.00000
vn 0.00000 0.00000 1.00000
vn 0.00000 1.00000 0.00000
vn -1.00000 0.00000 0.00000
vn 0.00000 -1.00000 0.00000
vn 0.00000 0.00000 -1.00000
vn 0.00000 0.00000 1.00000
vn 0.00000 1.00000 0.00000
vn -1.00000 0.00000 0.00000
vn 0.00000 -1.00000 0.00000
vn 0.00000 0.00000 -1.00000
vn 0.00000 0.00000 1.00000
vn 0.00000 1.00000 0.00000
vn -1.00000 0.00000 0.00000
vn 0.00000 -1.00000 0.00000
vn 0.00000 0.00000 -1.00000
vn -1.00000 0.00000 0.00000
vn 0.00000 -1.00000 0.00000
vn 0.00000 0.00000 1.00000
vn -1.00000 0.00000 0.00000
vn 0.00000 -1.00000 0.00000
vn 0.00000 0.00000 -1.00000
vn -1.00000 0.00000 0.00000
vn 0.00000 -1.00000 0.00000
vn 0.00000 0.00000 -1.00000
vn -1.00000 0.00000 0.00000
vn 0.00000 -1.00000 0.00000
vn 0.00000 0.00000 1.00000
vn -1.00000 0.00000 0.00000
vn 0.00000 -1.00000 0.00000
vn 0.00000 0.00000 1.00000
vn -1.00000 0.00000 0.00000
vn 0.00000 -1.00000 0.00000
vn 0.00000 0.00000 -1.00000
vn -1.00000 0.00000 0.00000
vn 0.00000 -1.00000 0.00000
vn 0.00000 0.00000 -1.00000
vn -1.00000 0.00000 0.00000
vn 0.00000 -1.00000 0.00000
vn 0.00000 0.00000 1.00000
vn -1.00000 0.00000 0.00000
vn 0.00000 -1.00000 0.00000
vn 0.00000 0.00000 1.00000
vn -1.00000 0.00000 0.00000
vn 0.00000 0.00000 -1.00000
vn 0.00000 1.00000 0.00000
vn -1.00000 0.00000 0.00000
vn 0.00000 0.00000 -1.00000
vn 0.00000 1.00000 0.00000
vn -1.00000 0.00000 0.00000
vn 0.00000 0.00000 1.00000
vn 0.00000 1.00000 0.00000
vn -1.00000 0.00000 0.00000
vn 0.00000 0.00000 1.00000
vn 0.00000 1.00000 0.00000
vn -1.00000 0.00000 0.00000
vn 0.00000 0.00000 -1.00000
vn 0.00000 1.00000 0.00000
vn -1.00000 0.00000 0.00000
vn 0.00000 0.00000 -1.00000
vn 0.00000 1.00000 0.00000
vn -1.00000 0.00000 0.00000
vn 0.00000 0.00000 1.00000
vn 0.00000 1.00000 0.00000
vn -1.00000 0.00000 0.00000
vn 0.00000 0.00000 1.00000
vn 0.00000 1.00000 0.00000
vn -1.00000 0.00000 0.00000
vn 0.00000 0.00000 -1.00000
vn 0.00000 1.00000 0.00000
vn -1.00000 0.00000 0.00000
vn 0.00000 0.00000 1.00000
vn 0.00000 1.00000 0.00000
vn 0.00000 -1.00000 0.00000
vn 0.00000 0.00000 -1.00000
vn 1.00000 0.00000 0.00000
vn 0.00000 -1.00000 0.00000
vn 0.00000 0.00000 1.00000
vn 1.00000 0.00000 0.00000
vn 0.00000 -1.00000 0.00000
vn 0.00000 0.00000 -1.00000
vn 1.00000 0.00000 0.00000
vn 0.00000 -1.00000 0.00000
vn 0.00000 0.00000 -1.00000
vn 1.00000 0.00000 0.00000
vn 0.00000 -1.00000 0.00000
vn 0.00000 0.00000 1.00000
vn 1.00000 0.00000 0.00000
vn 0.00000 -1.00000 0.00000
vn 0.00000 0.00000 1.00000
vn 1.00000 0.00000 0.00000
vn 0.00000 -1.00000 0.00000
vn 0.00000 0.00000 -1.00000
vn 1.00000 0.00000 0.00000
vn 0.00000 -1.00000 0.00000
vn 0.00000 0.00000 -1.00000
vn 1.00000 0.00000 0.00000
vn 0.00000 -1.00000 0.00000
vn 0.00000 0.00000 1.00000
vn 1.00000 0.00000 0.00000
vn 0.00000 -1.00000 0.00000
vn 0.00000 0.00000 1.00000
vn 1.00000 0.00000 0.00000
vn 0.00000 0.00000 -1.00000
vn 0.00000 1.00000 0.00000
vn 1.00000 0.00000 0.00000
vn 0.00000 0.00000 -1.00000
vn 0.00000 1.00000 0.00000
vn 1.00000 0.00000 0.00000
vn 0.00000 0.00000 1.00000
vn 0.00000 1.00000 0.00000
vn 1.00000 0.00000 0.00000
vn 0.00000 0.00000 1.00000
vn 0.00000 1.00000 0.00000
vn 1.00000 0.00000 0.00000
vn 0.00000 0.00000 -1.00000
vn 0.00000 1.00000 0.00000
vn 1.00000 0.00000 0.00000
vn 0.00000 0.00000 -1.00000
vn 0.00000 1.00000 0.00000
vn 1.00000 0.00000 0.00000
vn 0.00000 0.00000 1.00000
vn 0.00000 1.00000 0.00000
vn 1.00000 0.00000 0.00000
vn 0.00000 0.00000 1.00000
vn 0.00000 1.00000 0.00000
vn 1.00000 0.00000 0.00000
vn 0.00000 0.00000 -1.00000
vn 0.00000 1.00000 0.00000
vn 1.00000 0.00000 0.00000
vn 0.00000 0.00000 1.00000
vn 0.00000 1.00000 0.00000
vn 1.00000 0.00000 0.00000
vn 0.00000 -1.00000 0.00000
vn 0.00000 0.00000 -1.00000
vn 1.00000 0.00000 0.00000
vn 0.00000 -1.00000 0.00000
vn 0.00000 0.00000 1.00000
vn 1.00000 0.00000 0.00000
vn 0.00000 -1.00000 0.00000
vn 0.00000 0.00000 -1.00000
vn 1.00000 0.00000 0.00000
vn 0.00000 -1.00000 0.00000
vn 0.00000 0.00000 -1.00000
vn 1.00000 0.00000 0.00000
vn 0.00000 -1.00000 0.00000
vn 0.00000 0.00000 1.00000
vn 1.00000 0.00000 0.00000
vn 0.00000 -1.00000 0.00000
vn 0.00000 0.00000 1.00000
vn 1.00000 0.00000 0.00000
vn 0.00000 -1.00000 0.00000
vn 0.00000 0.00000 -1.00000
vn 1.00000 0.00000 0.00000
vn 0.00000 -1.00000 0.00000
vn 0.00000 0.00000 1.00000
vn 1.00000 0.00000 0.00000
vn -1.00000 0.00000 0.00000
vn 0.00000 -1.00000 0.00000
vn 0.00000 0.00000 -1.00000
vn -1.00000 0.00000 0.00000
vn 0.00000 -1.00000 0.00000
vn 0.00000 0.00000 1.00000
vn -1.00000 0.00000 0.00000
vn 0.00000 -1.00000 0.00000
vn 0.00000 0.00000 -1.00000
vn -1.00000 0.00000 0.00000
vn 0.00000 -1.00000 0.00000
vn 0.00000 0.00000 -1.00000
vn 0.00000 0.00000 1.00000
vn 0.00000 1.00000 0.00000
vn -1.00000 0.00000 0.00000
vn 0.00000 -1.00000 0.00000
vn 0.00000 0.00000 -1.00000
vn 0.00000 0.00000 1.00000
vn 0.00000 1.00000 0.00000
vn -1.00000 0.00000 0.00000
vn 0.00000 -1.00000 0.00000
vn 0.00000 0.00000 1.00000
vn -1.00000 0.00000 0.00000
vn 0.00000 0.00000 -1.00000
vn 0.00000 1.00000 0.00000
vn -1.00000 0.00000 0.00000
vn 0.00000 -1.00000 0.00000
vn 0.00000 0.00000 -1.00000
vn 0.00000 0.00000 1.00000
vn 0.00000 1.00000 0.00000
vn -1.00000 0.00000 0.00000
vn 0.00000 -1.00000 0.00000
vn 0.00000 0.00000 -1.00000
vn 0.00000 0.00000 1.00000
vn 0.00000 1.00000 0.00000
vn -1.00000 0.00000 0.00000
vn 0.00000 0.00000 1.00000
vn 0.00000 1.00000 0.00000
vn -1.00000 0.00000 0.00000
vn 0.00000 0.00000 -1.00000
vn 0.00000 1.00000 0.00000
vn -1.00000 0.00000 0.00000
vn 0.00000 0.00000 1.00000
vn 0.00000 1.00000 0.00000
vn 0.00000 -1.00000 0.00000
vn 0.00000 0.00000 -1.00000
vn 0.00000 0.00000 1.00000
vn 0.00000 1.00000 0.00000
vn 0.00000 -1.00000 0.00000
vn 0.00000 0.00000 -1.00000
vn 0.00000 0.00000 1.00000
vn 0.00000 1.00000 0.00000
vn 0.00000 -1.00000 0.00000
vn 0.00000 0.00000 -1.00000
vn 0.00000 0.00000 1.00000
vn 0.00000 1.00000 0.00000
vn 0.00000 -1.00000 0.00000
vn 0.00000 0.00000 -1.00000
vn 0.00000 0.00000 1.00000
vn 0.00000 1.00000 0.00000
vn 0.00000 -1.00000 0.00000
vn 0.00000 0.00000 -1.00000
vn 1.00000 0.00000 0.00000
vn 0.00000 -1.00000 0.00000
vn 0.00000 0.00000 -1.00000
vn 1.00000 0.00000 0.00000
vn 0.00000 -1.00000 0.00000
vn 0.00000 0.00000 1.00000
vn 1.00000 0.00000 0.00000
vn 0.00000 -1.00000 0.00000
vn 0.00000 0.00000 1.00000
vn 1.00000 0.00000 0.00000
vn 0.00000 -1.00000 0.00000
vn 0.00000 0.00000 -1.00000
vn 1.00000 0.00000 0.00000
vn 0.00000 -1.00000 0.00000
vn 0.00000 0.00000 -1.00000
vn 1.00000 0.00000 0.00000
vn 0.00000 -1.00000 0.00000
vn 0.00000 0.00000 -1.00000
vn 1.00000 0.00000 0.00000
vn 0.00000 -1.00000 0.00000
vn 0.00000 0.00000 1.00000
vn 1.00000 0.00000 0.00000
vn 0.00000 -1.00000 0.00000
vn 0.00000 0.00000 1.00000
vn 1.00000 0.00000 0.00000
vn 0.00000 -1.00000 0.00000
vn 0.00000 0.00000 1.00000
vn 1.00000 0.00000 0.00000
vn 0.00000 -1.00000 0.00000
vn 0.00000 0.00000 -1.00000
vn 1.00000 0.00000 0.00000
vn 0.00000 -1.00000 0.00000
vn 0.00000 0.00000 -1.00000
vn 1.00000 0.00000 0.00000
vn 0.00000 -1.00000 0.00000
vn 0.00000 0.00000 1.00000
vn 1.00000 0.00000 0.00000
vn 0.00000 -1.00000 0.00000
vn 0.00000 0.00000 1.00000
vn 1.00000 0.00000 0.00000
vn 0.00000 0.00000 -1.00000
vn 0.00000 1.00000 0.00000
vn 1.00000 0.00000 0.00000
vn 0.00000 0.00000 -1.00000
vn 0.00000 1.00000 0.00000
vn 1.00000 0.00000 0.00000
vn 0.00000 0.00000 1.00000
vn 0.00000 1.00000 0.00000
vn 1.00000 0.00000 0.00000
vn 0.00000 0.00000 1.00000
vn 0.00000 1.00000 0.00000
vn 1.00000 0.00000 0.00000
vn 0.00000 0.00000 -1.00000
vn 0.00000 1.00000 0.00000
vn 1.00000 0.00000 0.00000
vn 0.00000 0.00000 -1.00000
vn 0.00000 1.00000 0.00000
vn 1.00000 0.00000 0.00000
vn 0.00000 0.00000 -1.00000
vn 0.00000 1.00000 0.00000
vn 1.00000 0.00000 0.00000
vn 0.00000 0.00000 1.00000
vn 0.00000 1.00000 0.00000
vn 1.00000 0.00000 0.00000
vn 0.00000 0.00000 1.00000
vn 0.00000 1.00000 0.00000
vn 1.00000 0.00000 0.00000
vn 0.00000 0.00000 1.00000
vn 0.00000 1.00000 0.00000
vn 1.00000 0.00000 0.00000
vn 0.00000 0.00000 -1.00000
vn 0.00000 1.00000 0.00000
vn 1.00000 0.00000 0.00000
vn 0.00000 0.00000 -1.00000
vn 0.00000 1.00000 0.00000
vn 1.00000 0.00000 0.00000
vn 0.00000 0.00000 1.00000
vn 0.00000 1.00000 0.00000
vn 1.00000 0.00000 0.00000
vn 0.00000 0.00000 1.00000
vn 0.00000 1.00000 0.00000
vn 1.00000 0.00000 0.00000
vn 0.00000 -1.00000 0.00000
vn 0.00000 0.00000 -1.00000
vn 0.00000 1.00000 0.00000
vn 0.00000 -1.00000 0.00000
vn 0.00000 0.00000 1.00000
vn 0.00000 1.00000 0.00000
vn 0.00000 -1.00000 0.00000
vn 0.00000 0.00000 -1.00000
vn 0.00000 0.00000 1.00000
vn 0.00000 -1.00000 0.00000
vn 0.00000 0.00000 -1.00000
vn 0.00000 0.00000 1.00000
vn 0.00000 0.00000 -1.00000
vn 0.00000 0.00000 1.00000
vn 0.00000 1.00000 0.00000
vn 0.00000 0.00000 -1.00000
vn 0.00000 0.00000 1.00000
vn 0.00000 1.00000 0.00000
vn 0.00000 -1.00000 0.00000
vn 0.00000 0.00000 -1.00000
vn 0.00000 1.00000 0.00000
vn 0.00000 -1.00000 0.00000
vn 0.00000 0.00000 1.00000
vn 0.00000 1.00000 0.00000
vn 0.00000 0.00000 -1.00000
vn 0.00000 0.00000 1.00000
vn 0.00000 -1.00000 0.00000
vn 0.00000 0.00000 -1.00000
vn 0.00000 -1.00000 0.00000
vn 0.00000 0.00000 1.00000
vn 0.00000 -1.00000 0.00000
vn 0.00000 0.00000 -1.00000
vn 1.00000 0.00000 0.00000
vn 0.00000 -1.00000 0.00000
vn 0.00000 0.00000 1.00000
vn 1.00000 0.00000 0.00000
vn 0.00000 0.00000 -1.00000
vn 0.00000 1.00000 0.00000
vn 1.00000 0.00000 0.00000
vn 0.00000 0.00000 1.00000
vn 0.00000 1.00000 0.00000
vn 1.00000 0.00000 0.00000
vn 0.00000 -1.00000 0.00000
vn 0.00000 0.00000 -1.00000
vn 1.00000 0.00000 0.00000
vn 0.00000 -1.00000 0.00000
vn 0.00000 0.00000 1.00000
vn 1.00000 0.00000 0.00000
vn 0.00000 -1.00000 0.00000
vn 0.00000 0.00000 -1.00000
vn 1.00000 0.00000 0.00000
vn 0.00000 -1.00000 0.00000
vn 0.00000 0.00000 1.00000
vn 1.00000 0.00000 0.00000
vn 0.00000 0.00000 -1.00000
vn 0.00000 1.00000 0.00000
vn 1.00000 0.00000 0.00000
vn 0.00000 0.00000 1.00000
vn 0.00000 1.00000 0.00000
vn 1.00000 0.00000 0.00000
vn 0.00000 0.00000 -1.00000
vn 0.00000 1.00000 0.00000
vn 1.00000 0.00000 0.00000
vn 0.00000 0.00000 1.00000
vn 0.00000 1.00000 0.00000
vn 1.00000 0.00000 0.00000
vn 0.00000 -1.00000 0.00000
vn 0.00000 0.00000 -1.00000
vn 1.00000 0.00000 0.00000
vn 0.00000 -1.00000 0.00000
vn 0.00000 0.00000 1.00000
vn 1.00000 0.00000 0.00000
vn 0.00000 0.00000 -1.00000
vn 0.00000 1.00000 0.00000
vn 1.00000 0.00000 0.00000
vn 0.00000 0.00000 1.00000
vn 0.00000 1.00000 0.00000
vn 1.00000 0.00000 0.00000
vn -1.00000 0.00000 0.00000
vn 0.00000 -1.00000 0.00000
vn 0.00000 0.00000 -1.00000
vn -1.00000 0.00000 0.00000
vn 0.00000 -1.00000 0.00000
vn 0.00000 0.00000 1.00000
vn -1.00000 0.00000 0.00000
vn 0.00000 -1.00000 0.00000
vn 0.00000 0.00000 -1.00000
vn -1.00000 0.00000 0.00000
vn 0.00000 -1.00000 0.00000
vn 0.00000 0.00000 -1.00000
vn -1.00000 0.00000 0.00000
vn 0.00000 -1.00000 0.00000
vn 0.00000 0.00000 1.00000
vn -1.00000 0.00000 0.00000
vn 0.00000 -1.00000 0.00000
vn 0.00000 0.00000 1.00000
vn -1.00000 0.00000 0.00000
vn 0.00000 -1.00000 0.00000
vn 0.00000 0.00000 -1.00000
vn -1.00000 0.00000 0.00000
vn 0.00000 -1.00000 0.00000
vn 0.00000 0.00000 -1.00000
vn -1.00000 0.00000 0.00000
vn 0.00000 -1.00000 0.00000
vn 0.00000 0.00000 1.00000
vn -1.00000 0.00000 0.00000
vn 0.00000 -1.00000 0.00000
vn 0.00000 0.00000 1.00000
vn -1.00000 0.00000 0.00000
vn 0.00000 0.00000 -1.00000
vn 0.00000 1.00000 0.00000
vn -1.00000 0.00000 0.00000
vn 0.00000 0.00000 -1.00000
vn 0.00000 1.00000 0.00000
vn -1.00000 0.00000 0.00000
vn 0.00000 0.00000 1.00000
vn 0.00000 1.00000 0.00000
vn -1.00000 0.00000 0.00000
vn 0.00000 0.00000 1.00000
vn 0.00000 1.00000 0.00000
vn -1.00000 0.00000 0.00000
vn 0.00000 0.00000 -1.00000
vn 0.00000 1.00000 0.00000
vn -1.00000 0.00000 0.00000
vn 0.00000 0.00000 -1.00000
vn 0.00000 1.00000 0.00000
vn -1.00000 0.00000 0.00000
vn 0.00000 0.00000 1.00000
vn 0.00000 1.00000 0.00000
vn -1.00000 0.00000 0.00000
vn 0.00000 0.00000 1.00000
vn 0.00000 1.00000 0.00000
vn -1.00000 0.00000 0.00000
vn 0.00000 0.00000 -1.00000
vn 0.00000 1.00000 0.00000
vn -1.00000 0.00000 0.00000
vn 0.00000 0.00000 1.00000
vn 0.00000 1.00000 0.00000
vn 0.00000 0.00000 -1.00000
vn 0.00000 0.00000 1.00000
vn 0.00000 -1.00000 0.00000
vn 0.00000 0.00000 -1.00000
vn 0.00000 -1.00000 0.00000
vn 0.00000 0.00000 -1.00000
vn 0.00000 -1.00000 0.00000
vn 0.00000 0.00000 1.00000
vn 0.00000 -1.00000 0.00000
vn 0.00000 0.00000 1.00000
vn 0.00000 0.00000 -1.00000
vn 0.00000 1.00000 0.00000
vn 0.00000 0.00000 -1.00000
vn 0.00000 1.00000 0.00000
vn 0.00000 0.00000 1.00000
vn 0.00000 1.00000 0.00000
vn 0.00000 0.00000 1.00000
vn 0.00000 1.00000 0.00000
vn 0.00000 0.00000 -1.00000
vn 0.00000 1.00000 0.00000
vn 0.00000 0.00000 -1.00000
vn 0.00000 1.00000 0.00000
vn 0.00000 0.00000 1.00000
vn 0.00000 1.00000 0.00000
vn 0.00000 0.00000 1.00000
vn 0.00000 1.00000 0.00000
vn 0.00000 0.00000 -1.00000
vn 0.00000 1.00000 0.00000
vn 0.00000 0.00000 1.00000
vn 0.00000 1.00000 0.00000
vn 0.00000 -1.00000 0.00000
vn 0.00000 0.00000 -1.00000
vn 1.00000 0.00000 0.00000
vn 0.00000 -1.00000 0.00000
vn 0.00000 0.00000 -1.00000
vn 1.00000 0.00000 0.00000
vn 0.00000 -1.00000 0.00000
vn 0.00000 0.00000 1.00000
vn 1.00000 0.00000 0.00000
vn 0.00000 -1.00000 0.00000
vn 0.00000 0.00000 1.00000
vn 1.00000 0.00000 0.00000
vn 0.00000 -1.00000 0.00000
vn 0.00000 0.00000 -1.00000
vn 1.00000 0.00000 0.00000
vn 0.00000 -1.00000 0.00000
vn 0.00000 0.00000 -1.00000
vn 1.00000 0.00000 0.00000
vn 0.00000 -1.00000 0.00000
vn 0.00000 0.00000 1.00000
vn 1.00000 0.00000 0.00000
vn 0.00000 -1.00000 0.00000
vn 0.00000 0.00000 1.00000
vn 1.00000 0.00000 0.00000
vn 0.00000 0.00000 -1.00000
vn 0.00000 1.00000 0.00000
vn 1.00000 0.00000 0.00000
vn 0.00000 0.00000 -1.00000
vn 0.00000 1.00000 0.00000
vn 1.00000 0.00000 0.00000
vn 0.00000 0.00000 1.00000
vn 0.00000 1.00000 0.00000
vn 1.00000 0.00000 0.00000
vn 0.00000 0.00000 1.00000
vn 0.00000 1.00000 0.00000
vn 1.00000 0.00000 0.00000
vn 0.00000 0.00000 -1.00000
vn 0.00000 1.00000 0.00000
vn 1.00000 0.00000 0.00000
vn 0.00000 0.00000 -1.00000
vn 0.00000 1.00000 0.00000
vn 1.00000 0.00000 0.00000
vn 0.00000 0.00000 1.00000
vn 0.00000 1.00000 0.00000
vn 1.00000 0.00000 0.00000
vn 0.00000 0.00000 1.00000
vn 0.00000 1.00000 0.00000
vn 1.00000 0.00000 0.00000
vn 0.00000 0.00000 -1.00000
vn 0.00000 1.00000 0.00000
vn 1.00000 0.00000 0.00000
vn 0.00000 0.00000 1.00000
vn 0.00000 1.00000 0.00000
vn 1.00000 0.00000 0.00000
vn 0.00000 -1.00000 0.00000
vn 0.00000 0.00000 -1.00000
vn 1.00000 0.00000 0.00000
vn 0.00000 -1.00000 0.00000
vn 0.00000 0.00000 1.00000
vn 1.00000 0.00000 0.00000
vn 0.00000 0.00000 -1.00000
vn 0.00000 1.00000 0.00000
vn 1.00000 0.00000 0.00000
vn 0.00000 0.00000 -1.00000
vn 0.00000 1.00000 0.00000
vn 1.00000 0.00000 0.00000
vn 0.00000 -1.00000 0.00000
vn 0.00000 0.00000 -1.00000
vn 1.00000 0.00000 0.00000
vn 0.00000 -1.00000 0.00000
vn 0.00000 0.00000 -1.00000
vn 0.00000 0.00000 1.00000
vn 0.00000 1.00000 0.00000
vn 1.00000 0.00000 0.00000
vn 0.00000 -1.00000 0.00000
vn 0.00000 0.00000 -1.00000
vn 1.00000 0.00000 0.00000
vn 0.00000 -1.00000 0.00000
vn 0.00000 0.00000 -1.00000
vn 1.00000 0.00000 0.00000
vn 0.00000 0.00000 -1.00000
vn 0.00000 1.00000 0.00000
vn 1.00000 0.00000 0.00000
vn 0.00000 0.00000 -1.00000
vn 0.00000 1.00000 0.00000
vn 1.00000 0.00000 0.00000
vn 0.00000 -1.00000 0.00000
vn 0.00000 0.00000 -1.00000
vn 1.00000 0.00000 0.00000
vn 0.00000 -1.00000 0.00000
vn 0.00000 0.00000 -1.00000
vn 1.00000 0.00000 0.00000
vn 0.00000 0.00000 -1.00000
vn 0.00000 1.00000 0.00000
vn 1.00000 0.00000 0.00000
vn 0.00000 0.00000 -1.00000
vn 0.00000 1.00000 0.00000
vn 1.00000 0.00000 0.00000
vn -1.00000 0.00000 0.00000
vn 0.00000 -1.00000 0.00000
vn 0.00000 0.00000 -1.00000
vn -1.00000 0.00000 0.00000
vn 0.00000 -1.00000 0.00000
vn 0.00000 0.00000 -1.00000
vn -1.00000 0.00000 0.00000
vn 0.00000 -1.00000 0.00000
vn 0.00000 0.00000 1.00000
vn -1.00000 0.00000 0.00000
vn 0.00000 -1.00000 0.00000
vn 0.00000 0.00000 1.00000
vn -1.00000 0.00000 0.00000
vn 0.00000 -1.00000 0.00000
vn 0.00000 0.00000 -1.00000
vn -1.00000 0.00000 0.00000
vn 0.00000 -1.00000 0.00000
vn 0.00000 0.00000 -1.00000
vn -1.00000 0.00000 0.00000
vn 0.00000 -1.00000 0.00000
vn 0.00000 0.00000 1.00000
vn -1.00000 0.00000 0.00000
vn 0.00000 -1.00000 0.00000
vn 0.00000 0.00000 1.00000
vn -1.00000 0.00000 0.00000
vn 0.00000 0.00000 -1.00000
vn 0.00000 1.00000 0.00000
vn -1.00000 0.00000 0.00000
vn 0.00000 0.00000 -1.00000
vn 0.00000 1.00000 0.00000
vn -1.00000 0.00000 0.00000
vn 0.00000 0.00000 1.00000
vn 0.00000 1.00000 0.00000
vn -1.00000 0.00000 0.00000
vn 0.00000 0.00000 1.00000
vn 0.00000 1.00000 0.00000
vn -1.00000 0.00000 0.00000
vn 0.00000 0.00000 -1.00000
vn 0.00000 1.00000 0.00000
vn -1.00000 0.00000 0.00000
vn 0.00000 0.00000 -1.00000
vn 0.00000 1.00000 0.00000
vn -1.00000 0.00000 0.00000
vn 0.00000 0.00000 1.00000
vn 0.00000 1.00000 0.00000
vn -1.00000 0.00000 0.00000
vn 0.00000 0.00000 1.00000
vn 0.00000 1.00000 0.00000
vn 0.00000 0.00000 1.00000
vn 0.00000 1.00000 0.00000
vn 0.00000 -1.00000 0.00000
vn 0.00000 0.00000 1.00000
vn 0.00000 -1.00000 0.00000
vn 0.00000 0.00000 1.00000
vn 0.00000 0.00000 1.00000
vn 0.00000 1.00000 0.00000
vn 0.00000 -1.00000 0.00000
vn 0.00000 0.00000 -1.00000
vn 1.00000 0.00000 0.00000
vn 0.00000 -1.00000 0.00000
vn 0.00000 0.00000 -1.00000
vn 1.00000 0.00000 0.00000
vn 0.00000 -1.00000 0.00000
vn 0.00000 0.00000 1.00000
vn 1.00000 0.00000 0.00000
vn 0.00000 -1.00000 0.00000
vn 0.00000 0.00000 1.00000
vn 1.00000 0.00000 0.00000
vn 0.00000 -1.00000 0.00000
vn 0.00000 0.00000 -1.00000
vn 1.00000 0.00000 0.00000
vn 0.00000 -1.00000 0.00000
vn 0.00000 0.00000 -1.00000
vn 1.00000 0.00000 0.00000
vn 0.00000 -1.00000 0.00000
vn 0.00000 0.00000 1.00000
vn 1.00000 0.00000 0.00000
vn 0.00000 -1.00000 0.00000
vn 0.00000 0.00000 1.00000
vn 1.00000 0.00000 0.00000
vn 0.00000 0.00000 -1.00000
vn 0.00000 1.00000 0.00000
vn 1.00000 0.00000 0.00000
vn 0.00000 0.00000 -1.00000
vn 0.00000 1.00000 0.00000
vn 1.00000 0.00000 0.00000
vn 0.00000 0.00000 1.00000
vn 0.00000 1.00000 0.00000
vn 1.00000 0.00000 0.00000
vn 0.00000 0.00000 1.00000
vn 0.00000 1.00000 0.00000
vn 1.00000 0.00000 0.00000
vn 0.00000 0.00000 -1.00000
vn 0.00000 1.00000 0.00000
vn 1.00000 0.00000 0.00000
vn 0.00000 0.00000 -1.00000
vn 0.00000 1.00000 0.00000
vn 1.00000 0.00000 0.00000
vn 0.00000 0.00000 1.00000
vn 0.00000 1.00000 0.00000
vn 1.00000 0.00000 0.00000
vn 0.00000 0.00000 1.00000
vn 0.00000 1.00000 0.00000
vn 1.00000 0.00000 0.00000
vn -1.00000 0.00000 0.00000
vn 0.00000 0.00000 -1.00000
vn 0.00000 1.00000 0.00000
vn -1.00000 0.00000 0.00000
vn 0.00000 0.00000 1.00000
vn 0.00000 1.00000 0.00000
vn -1.00000 0.00000 0.00000
vn 0.00000 -1.00000 0.00000
vn 0.00000 0.00000 -1.00000
vn -1.00000 0.00000 0.00000
vn 0.00000 -1.00000 0.00000
vn 0.00000 0.00000 1.00000
vn -1.00000 0.00000 0.00000
vn 0.00000 0.00000 -1.00000
vn 0.00000 1.00000 0.00000
vn -1.00000 0.00000 0.00000
vn 0.00000 0.00000 -1.00000
vn 0.00000 1.00000 0.00000
vn -1.00000 0.00000 0.00000
vn 0.00000 -1.00000 0.00000
vn 0.00000 0.00000 -1.00000
vn -1.00000 0.00000 0.00000
vn 0.00000 -1.00000 0.00000
vn 0.00000 0.00000 -1.00000
vn 0.00000 0.00000 1.00000
vn 0.00000 1.00000 0.00000
vn -1.00000 0.00000 0.00000
vn 0.00000 -1.00000 0.00000
vn 0.00000 0.00000 -1.00000
vn -1.00000 0.00000 0.00000
vn 0.00000 -1.00000 0.00000
vn 0.00000 0.00000 -1.00000
vn -1.00000 0.00000 0.00000
vn 0.00000 0.00000 -1.00000
vn 0.00000 1.00000 0.00000
vn -1.00000 0.00000 0.00000
vn 0.00000 0.00000 -1.00000
vn 0.00000 1.00000 0.00000
vn -1.00000 0.00000 0.00000
vn 0.00000 -1.00000 0.00000
vn 0.00000 0.00000 -1.00000
vn -1.00000 0.00000 0.00000
vn 0.00000 -1.00000 0.00000
vn 0.00000 0.00000 -1.00000
vn -1.00000 0.00000 0.00000
vn 0.00000 0.00000 -1.00000
vn 0.00000 1.00000 0.00000
vn -1.00000 0.00000 0.00000
vn 0.00000 0.00000 -1.00000
vn 0.00000 1.00000 0.00000
vn -1.00000 0.00000 0.00000
vn 0.00000 -1.00000 0.00000
vn 0.00000 0.00000 -1.00000
vn -1.00000 0.00000 0.00000
vn 0.00000 -1.00000 0.00000
vn 0.00000 0.00000 1.00000
vn 0.00000 1.00000 0.00000
vn -1.00000 0.00000 0.00000
vn 0.00000 -1.00000 0.00000
vn 0.00000 0.00000 -1.00000
vn 0.00000 1.00000 0.00000
vn -1.00000 0.00000 0.00000
vn 0.00000 -1.00000 0.00000
vn 0.00000 0.00000 1.00000
vn -1.00000 0.00000 0.00000
vn 0.00000 0.00000 -1.00000
vn 0.00000 0.00000 1.00000
vn 0.00000 1.00000 0.00000
vn -1.00000 0.00000 0.00000
vn 0.00000 0.00000 1.00000
vn 0.00000 1.00000 0.00000
vn -1.00000 0.00000 0.00000
vn 0.00000 0.00000 -1.00000
vn 0.00000 1.00000 0.00000
vn -1.00000 0.00000 0.00000
vn 0.00000 0.00000 -1.00000
vn 0.00000 0.00000 1.00000
vn 0.00000 1.00000 0.00000
vn -1.00000 0.00000 0.00000
vn 0.00000 -1.00000 0.00000
vn 0.00000 0.00000 -1.00000
vn 0.00000 0.00000 1.00000
vn -1.00000 0.00000 0.00000
vn 0.00000 -1.00000 0.00000
vn 0.00000 0.00000 1.00000
vn -1.00000 0.00000 0.00000
vn 0.00000 -1.00000 0.00000
vn 0.00000 0.00000 -1.00000
vn -1.00000 0.00000 0.00000
vn 0.00000 -1.00000 0.00000
vn 0.00000 0.00000 -1.00000
vn 0.00000 0.00000 1.00000
vn -1.00000 0.00000 0.00000
vn 0.00000 0.00000 -1.00000
vn 0.00000 1.00000 0.00000
vn -1.00000 0.00000 0.00000
vn 0.00000 -1.00000 0.00000
vn 0.00000 0.00000 1.00000
vn 0.00000 1.00000 0.00000
vn -1.00000 0.00000 0.00000
vn 0.00000 -1.00000 0.00000
vn 0.00000 0.00000 -1.00000
vn 0.00000 1.00000 0.00000
vn -1.00000 0.00000 0.00000
vn 0.00000 0.00000 1.00000
vn 0.00000 1.00000 0.00000
vn 0.00000 -1.00000 0.00000
vn 0.00000 0.00000 -1.00000
vn 0.00000 0.00000 1.00000
vn 0.00000 1.00000 0.00000
vn 0.00000 -1.00000 0.00000
vn 0.00000 0.00000 -1.00000
vn 0.00000 0.00000 1.00000
vn 0.00000 1.00000 0.00000
vn 0.00000 -1.00000 0.00000
vn 0.00000 0.00000 -1.00000
vn 0.00000 0.00000 1.00000
vn 0.00000 1.00000 0.00000
vn 0.00000 -1.00000 0.00000
vn 0.00000 0.00000 -1.00000
vn 0.00000 0.00000 1.00000
vn 0.00000 1.00000 0.00000
vn 0.00000 -1.00000 0.00000
vn 0.00000 0.00000 -1.00000
vn 0.00000 0.00000 1.00000
vn 0.00000 1.00000 0.00000
vn 0.00000 -1.00000 0.00000
vn 0.00000 0.00000 -1.00000
vn 0.00000 0.00000 1.00000
vn 0.00000 1.00000 0.00000
vn 0.00000 -1.00000 0.00000
vn 0.00000 0.00000 -1.00000
vn 0.00000 0.00000 1.00000
vn 0.00000 1.00000 0.00000
vn 0.00000 -1.00000 0.00000
vn 0.00000 0.00000 -1.00000
vn 0.00000 0.00000 1.00000
vn 0.00000 1.00000 0.00000
vn 0.00000 -1.00000 0.00000
vn 0.00000 0.00000 -1.00000
vn 0.00000 0.00000 1.00000
vn 0.00000 1.00000 0.00000
vn 0.00000 -1.00000 0.00000
vn 0.00000 0.00000 -1.00000
vn 0.00000 0.00000 1.00000
vn 0.00000 1.00000 0.00000
vn 0.00000 -1.00000 0.00000
vn 0.00000 0.00000 -1.00000
vn 0.00000 0.00000 1.00000
vn 0.00000 1.00000 0.00000
vn 0.00000 -1.00000 0.00000
vn 0.00000 0.00000 -1.00000
vn 0.00000 0.00000 1.00000
vn 0.00000 1.00000 0.00000
vn -1.00000 0.00000 0.00000
vn 0.00000 -1.00000 0.00000
vn 0.00000 0.00000 -1.00000
vn -1.00000 0.00000 0.00000
vn 0.00000 -1.00000 0.00000
vn 0.00000 0.00000 1.00000
vn -1.00000 0.00000 0.00000
vn 0.00000 -1.00000 0.00000
vn 0.00000 0.00000 -1.00000
vn -1.00000 0.00000 0.00000
vn 0.00000 -1.00000 0.00000
vn 0.00000 0.00000 1.00000
vn -1.00000 0.00000 0.00000
vn 0.00000 -1.00000 0.00000
vn 0.00000 0.00000 -1.00000
vn -1.00000 0.00000 0.00000
vn 0.00000 -1.00000 0.00000
vn 0.00000 0.00000 -1.00000
vn -1.00000 0.00000 0.00000
vn 0.00000 -1.00000 0.00000
vn 0.00000 0.00000 1.00000
vn -1.00000 0.00000 0.00000
vn 0.00000 -1.00000 0.00000
vn 0.00000 0.00000 1.00000
vn -1.00000 0.00000 0.00000
vn 0.00000 0.00000 -1.00000
vn 0.00000 1.00000 0.00000
vn -1.00000 0.00000 0.00000
vn 0.00000 0.00000 -1.00000
vn 0.00000 1.00000 0.00000
vn -1.00000 0.00000 0.00000
vn 0.00000 0.00000 1.00000
vn 0.00000 1.00000 0.00000
vn -1.00000 0.00000 0.00000
vn 0.00000 0.00000 1.00000
vn 0.00000 1.00000 0.00000
vn -1.00000 0.00000 0.00000
vn 0.00000 0.00000 -1.00000
vn 0.00000 1.00000 0.00000
vn -1.00000 0.00000 0.00000
vn 0.00000 0.00000 1.00000
vn 0.00000 1.00000 0.00000
vn -1.00000 0.00000 0.00000
vn 0.00000 0.00000 -1.00000
vn 0.00000 1.00000 0.00000
vn -1.00000 0.00000 0.00000
vn 0.00000 0.00000 1.00000
vn 0.00000 1.00000 0.00000
vn 0.00000 -1.00000 0.00000
vn 0.00000 0.00000 -1.00000
vn 1.00000 0.00000 0.00000
vn 0.00000 -1.00000 0.00000
vn 0.00000 0.00000 1.00000
vn 1.00000 0.00000 0.00000
vn 0.00000 -1.00000 0.00000
vn 0.00000 0.00000 -1.00000
vn 1.00000 0.00000 0.00000
vn 0.00000 -1.00000 0.00000
vn 0.00000 0.00000 -1.00000
vn 1.00000 0.00000 0.00000
vn 0.00000 -1.00000 0.00000
vn 0.00000 0.00000 1.00000
vn 1.00000 0.00000 0.00000
vn 0.00000 -1.00000 0.00000
vn 0.00000 0.00000 1.00000
vn 1.00000 0.00000 0.00000
vn 0.00000 -1.00000 0.00000
vn 0.00000 0.00000 -1.00000
vn 1.00000 0.00000 0.00000
vn 0.00000 -1.00000 0.00000
vn 0.00000 0.00000 -1.00000
vn 1.00000 0.00000 0.00000
vn 0.00000 -1.00000 0.00000
vn 0.00000 0.00000 1.00000
vn 1.00000 0.00000 0.00000
vn 0.00000 -1.00000 0.00000
vn 0.00000 0.00000 1.00000
vn 1.00000 0.00000 0.00000
vn 0.00000 0.00000 -1.00000
vn 0.00000 1.00000 0.00000
vn 1.00000 0.00000 0.00000
vn 0.00000 0.00000 -1.00000
vn 0.00000 1.00000 0.00000
vn 1.00000 0.00000 0.00000
vn 0.00000 0.00000 1.00000
vn 0.00000 1.00000 0.00000
vn 1.00000 0.00000 0.00000
vn 0.00000 0.00000 1.00000
vn 0.00000 1.00000 0.00000
vn 1.00000 0.00000 0.00000
vn 0.00000 0.00000 -1.00000
vn 0.00000 1.00000 0.00000
vn 1.00000 0.00000 0.00000
vn 0.00000 0.00000 -1.00000
vn 0.00000 1.00000 0.00000
vn 1.00000 0.00000 0.00000
vn 0.00000 0.00000 1.00000
vn 0.00000 1.00000 0.00000
vn 1.00000 0.00000 0.00000
vn 0.00000 0.00000 1.00000
vn 0.00000 1.00000 0.00000
vn 1.00000 0.00000 0.00000
vn 0.00000 0.00000 -1.00000
vn 0.00000 1.00000 0.00000
vn 1.00000 0.00000 0.00000
vn 0.00000 0.00000 1.00000
vn 0.00000 1.00000 0.00000
vn 1.00000 0.00000 0.00000
vn -1.00000 0.00000 0.00000
vn 0.00000 -1.00000 0.00000
vn 0.00000 0.00000 -1.00000
vn -1.00000 0.00000 0.00000
vn 0.00000 -1.00000 0.00000
vn 0.00000 0.00000 -1.00000
vn -1.00000 0.00000 0.00000
vn 0.00000 -1.00000 0.00000
vn 0.00000 0.00000 1.00000
vn -1.00000 0.00000 0.00000
vn 0.00000 -1.00000 0.00000
vn 0.00000 0.00000 1.00000
vn -1.00000 0.00000 0.00000
vn 0.00000 -1.00000 0.00000
vn 0.00000 0.00000 -1.00000
vn -1.00000 0.00000 0.00000
vn 0.00000 -1.00000 0.00000
vn 0.00000 0.00000 -1.00000
vn -1.00000 0.00000 0.00000
vn 0.00000 -1.00000 0.00000
vn 0.00000 0.00000 -1.00000
vn -1.00000 0.00000 0.00000
vn 0.00000 -1.00000 0.00000
vn 0.00000 0.00000 1.00000
vn -1.00000 0.00000 0.00000
vn 0.00000 -1.00000 0.00000
vn 0.00000 0.00000 1.00000
vn -1.00000 0.00000 0.00000
vn 0.00000 -1.00000 0.00000
vn 0.00000 0.00000 1.00000
vn -1.00000 0.00000 0.00000
vn 0.00000 -1.00000 0.00000
vn 0.00000 0.00000 -1.00000
vn -1.00000 0.00000 0.00000
vn 0.00000 -1.00000 0.00000
vn 0.00000 0.00000 -1.00000
vn -1.00000 0.00000 0.00000
vn 0.00000 -1.00000 0.00000
vn 0.00000 0.00000 1.00000
vn -1.00000 0.00000 0.00000
vn 0.00000 -1.00000 0.00000
vn 0.00000 0.00000 1.00000
vn -1.00000 0.00000 0.00000
vn 0.00000 0.00000 -1.00000
vn 0.00000 1.00000 0.00000
vn -1.00000 0.00000 0.00000
vn 0.00000 0.00000 -1.00000
vn 0.00000 1.00000 0.00000
vn -1.00000 0.00000 0.00000
vn 0.00000 0.00000 1.00000
vn 0.00000 1.00000 0.00000
vn -1.00000 0.00000 0.00000
vn 0.00000 0.00000 1.00000
vn 0.00000 1.00000 0.00000
vn -1.00000 0.00000 0.00000
vn 0.00000 0.00000 -1.00000
vn 0.00000 1.00000 0.00000
vn -1.00000 0.00000 0.00000
vn 0.00000 0.00000 -1.00000
vn 0.00000 1.00000 0.00000
vn -1.00000 0.00000 0.00000
vn 0.00000 0.00000 -1.00000
vn 0.00000 1.00000 0.00000
vn -1.00000 0.00000 0.00000
vn 0.00000 0.00000 1.00000
vn 0.00000 1.00000 0.00000
vn -1.00000 0.00000 0.00000
vn 0.00000 0.00000 1.00000
vn 0.00000 1.00000 0.00000
vn -1.00000 0.00000 0.00000
vn 0.00000 0.00000 1.00000
vn 0.00000 1.00000 0.00000
vn -1.00000 0.00000 0.00000
vn 0.00000 0.00000 -1.00000
vn 0.00000 1.00000 0.00000
vn -1.00000 0.00000 0.00000
vn 0.00000 0.00000 -1.00000
vn 0.00000 1.00000 0.00000
vn -1.00000 0.00000 0.00000
vn 0.00000 0.00000 1.00000
vn 0.00000 1.00000 0.00000
vn -1.00000 0.00000 0.00000
vn 0.00000 0.00000 1.00000
vn 0.00000 1.00000 0.00000
vn 0.00000 0.00000 1.00000
vn 0.00000 1.00000 0.00000
vn 0.00000 0.00000 -1.00000
vn 0.00000 1.00000 0.00000
vn 0.00000 -1.00000 0.00000
vn 0.00000 0.00000 1.00000
vn 0.00000 -1.00000 0.00000
vn 0.00000 0.00000 -1.00000
vn 0.00000 -1.00000 0.00000
vn 0.00000 0.00000 -1.00000
vn 1.00000 0.00000 0.00000
vn 0.00000 -1.00000 0.00000
vn 0.00000 0.00000 1.00000
vn 1.00000 0.00000 0.00000
vn 0.00000 -1.00000 0.00000
vn 0.00000 0.00000 -1.00000
vn 1.00000 0.00000 0.00000
vn 0.00000 -1.00000 0.00000
vn 0.00000 0.00000 1.00000
vn 0.00000 1.00000 0.00000
vn 1.00000 0.00000 0.00000
vn 0.00000 -1.00000 0.00000
vn 0.00000 0.00000 -1.00000
vn 0.00000 1.00000 0.00000
vn 1.00000 0.00000 0.00000
vn 0.00000 -1.00000 0.00000
vn 0.00000 0.00000 1.00000
vn 0.00000 1.00000 0.00000
vn 1.00000 0.00000 0.00000
vn 0.00000 -1.00000 0.00000
vn 0.00000 0.00000 -1.00000
vn 0.00000 1.00000 0.00000
vn 1.00000 0.00000 0.00000
vn 0.00000 -1.00000 0.00000
vn 0.00000 0.00000 1.00000
vn 1.00000 0.00000 0.00000
vn 0.00000 0.00000 -1.00000
vn 0.00000 1.00000 0.00000
vn 1.00000 0.00000 0.00000
vn 0.00000 -1.00000 0.00000
vn 0.00000 0.00000 1.00000
vn 0.00000 1.00000 0.00000
vn 1.00000 0.00000 0.00000
vn 0.00000 -1.00000 0.00000
vn 0.00000 0.00000 -1.00000
vn 0.00000 1.00000 0.00000
vn 1.00000 0.00000 0.00000
vn 0.00000 -1.00000 0.00000
vn 0.00000 0.00000 1.00000
vn 0.00000 1.00000 0.00000
vn 1.00000 0.00000 0.00000
vn 0.00000 -1.00000 0.00000
vn 0.00000 0.00000 -1.00000
vn 0.00000 1.00000 0.00000
vn 1.00000 0.00000 0.00000
vn 0.00000 0.00000 1.00000
vn 0.00000 1.00000 0.00000
vn 1.00000 0.00000 0.00000
vn 0.00000 0.00000 -1.00000
vn 0.00000 1.00000 0.00000
vn 1.00000 0.00000 0.00000
vn 0.00000 0.00000 1.00000
vn 0.00000 1.00000 0.00000
vn 1.00000 0.00000 0.00000
vn -1.00000 0.00000 0.00000
vn 0.00000 -1.00000 0.00000
vn 0.00000 0.00000 -1.00000
vn -1.00000 0.00000 0.00000
vn 0.00000 -1.00000 0.00000
vn 0.00000 0.00000 1.00000
vn -1.00000 0.00000 0.00000
vn 0.00000 0.00000 -1.00000
vn 0.00000 1.00000 0.00000
vn -1.00000 0.00000 0.00000
vn 0.00000 0.00000 1.00000
vn 0.00000 1.00000 0.00000
vn -1.00000 0.00000 0.00000
vn 0.00000 0.00000 -1.00000
vn 0.00000 1.00000 0.00000
vn -1.00000 0.00000 0.00000
vn 0.00000 0.00000 1.00000
vn 0.00000 1.00000 0.00000
vn -1.00000 0.00000 0.00000
vn 0.00000 0.00000 -1.00000
vn 0.00000 1.00000 0.00000
vn -1.00000 0.00000 0.00000
vn 0.00000 0.00000 1.00000
vn 0.00000 1.00000 0.00000
vn -1.00000 0.00000 0.00000
vn 0.00000 0.00000 -1.00000
vn 0.00000 1.00000 0.00000
vn -1.00000 0.00000 0.00000
vn 0.00000 0.00000 1.00000
vn 0.00000 1.00000 0.00000
vn -1.00000 0.00000 0.00000
vn 0.00000 0.00000 -1.00000
vn 0.00000 1.00000 0.00000
vn -1.00000 0.00000 0.00000
vn 0.00000 0.00000 1.00000
vn 0.00000 1.00000 0.00000
vn 0.00000 0.00000 -1.00000
vn 0.00000 1.00000 0.00000
vn 1.00000 0.00000 0.00000
vn 0.00000 0.00000 1.00000
vn 0.00000 1.00000 0.00000
vn 1.00000 0.00000 0.00000
vn 0.00000 0.00000 -1.00000
vn 0.00000 1.00000 0.00000
vn 1.00000 0.00000 0.00000
vn 0.00000 0.00000 1.00000
vn 0.00000 1.00000 0.00000
vn 1.00000 0.00000 0.00000
vn 0.00000 0.00000 -1.00000
vn 0.00000 1.00000 0.00000
vn 1.00000 0.00000 0.00000
vn 0.00000 0.00000 1.00000
vn 0.00000 1.00000 0.00000
vn 1.00000 0.00000 0.00000
vn 0.00000 0.00000 -1.00000
vn 0.00000 1.00000 0.00000
vn 1.00000 0.00000 0.00000
vn 0.00000 0.00000 1.00000
vn 0.00000 1.00000 0.00000
vn 1.00000 0.00000 0.00000
vn 0.00000 -1.00000 0.00000
vn 0.00000 0.00000 -1.00000
vn 1.00000 0.00000 0.00000
vn 0.00000 -1.00000 0.00000
vn 0.00000 0.00000 1.00000
vn 1.00000 0.00000 0.00000
vn 0.00000 0.00000 -1.00000
vn 0.00000 1.00000 0.00000
vn 1.00000 0.00000 0.00000
vn 0.00000 0.00000 1.00000
vn 0.00000 1.00000 0.00000
vn 1.00000 0.00000 0.00000
vn -1.00000 0.00000 0.00000
vn 0.00000 -1.00000 0.00000
vn 0.00000 0.00000 -1.00000
vn -1.00000 0.00000 0.00000
vn 0.00000 -1.00000 0.00000
vn 0.00000 0.00000 1.00000
vn -1.00000 0.00000 0.00000
vn 0.00000 0.00000 -1.00000
vn 0.00000 1.00000 0.00000
vn -1.00000 0.00000 0.00000
vn 0.00000 0.00000 1.00000
vn 0.00000 1.00000 0.00000
vn -1.00000 0.00000 0.00000
vn 0.00000 -1.00000 0.00000
vn 0.00000 0.00000 -1.00000
vn -1.00000 0.00000 0.00000
vn 0.00000 -1.00000 0.00000
vn 0.00000 0.00000 1.00000
vn -1.00000 0.00000 0.00000
vn 0.00000 -1.00000 0.00000
vn 0.00000 0.00000 -1.00000
vn -1.00000 0.00000 0.00000
vn 0.00000 -1.00000 0.00000
vn 0.00000 0.00000 1.00000
vn -1.00000 0.00000 0.00000
vn 0.00000 -1.00000 0.00000
vn 0.00000 0.00000 -1.00000
vn -1.00000 0.00000 0.00000
vn 0.00000 -1.00000 0.00000
vn 0.00000 0.00000 1.00000
vn -1.00000 0.00000 0.00000
vn 0.00000 -1.00000 0.00000
vn 0.00000 0.00000 -1.00000
vn -1.00000 0.00000 0.00000
vn 0.00000 -1.00000 0.00000
vn 0.00000 0.00000 1.00000
vn 0.00000 -1.00000 0.00000
vn 0.00000 0.00000 -1.00000
vn 1.00000 0.00000 0.00000
vn 0.00000 -1.00000 0.00000
vn 0.00000 0.00000 1.00000
vn 1.00000 0.00000 0.00000
vn 0.00000 0.00000 -1.00000
vn 0.00000 1.00000 0.00000
vn 1.00000 0.00000 0.00000
vn 0.00000 0.00000 1.00000
vn 0.00000 1.00000 0.00000
vn 1.00000 0.00000 0.00000
f 1343//1343 1349//1349 1352//1352
f 1343//1343 1352//1352 1346//1346
f 1301//1301 1304//1304 1295//1295
f 1295//1295 1304//1304 1298//1298
f 1286//1286 1283//1283 1289//1289
f 1289//1289 1292//1292 1286//1286
f 1274//1274 1271//1271 1277//1277
f 1277//1277 1280//1280 1274//1274
f 1182//1182 1179//1179 1193//1193
f 1193//1193 1197//1197 1182//1182
f 1229//1229 1232//1232 1215//1215
f 1215//1215 1232//1232 1219//1219
f 1185//1185 1207//1207 1211//1211
f 1185//1185 1211//1211 1189//1189
f 1201//1201 1223//1223 1226//1226
f 1201//1201 1226//1226 1204//1204
f 1072//1072 1048//1048 1060//1060
f 1048//1048 1057//1057 1060//1060
f 1057//1057 1048//1048 1045//1045
f 1069//1069 1072//1072 1060//1060
f 1084//1084 1072//1072 1081//1081
f 1072//1072 1084//1084 1075//1075
f 1048//1048 1072//1072 1036//1036
f 1033//1033 1048//1048 1036//1036
f 1075//1075 1036//1036 1072//1072
f 1036//1036 1030//1030 1027//1027
f 1030//1030 1036//1036 1039//1039
f 1075//1075 1039//1039 1036//1036
f 1039//1039 1075//1075 1051//1051
f 1042//1042 1039//1039 1051//1051
f 1051//1051 1075//1075 1063//1063
f 1078//1078 1063//1063 1075//1075
f 1063//1063 1054//1054 1051//1051
f 1054//1054 1063//1063 1066//1066
f 801//801 813//813 804//804
f 813//813 816//816 804//804
f 807//807 819//819 810//810
f 819//819 822//822 810//810
f 777//777 789//789 780//780
f 789//789 792//792 780//780
f 783//783 795//795 786//786
f 795//795 798//798 786//786
f 686//686 697//697 671//671
f 671//671 683//683 686//686
f 697//697 686//686 709//709
f 712//712 697//697 709//709
f 709//709 686//686 706//706
f 703//703 706//706 686//686
f 706//706 718//718 709//709
f 718//718 706//706 715//715
f 671//671 697//697 677//677
f 674//674 671//671 677//677
f 677//677 680//680 674//674
f 689//689 677//677 697//697
f 694//694 677//677 689//689
f 697//697 700//700 689//689
f 647//647 659//659 650//650
f 659//659 662//662 650//650
f 653//653 665//665 656//656
f 665//665 668//668 656//656
f 623//623 635//635 626//626
f 635//635 638//638 626//626
f 629//629 641//641 632//632
f 641//641 644//644 632//632
f 497//497 509//509 500//500
f 509//509 512//512 500//500
f 503//503 515//515 506//506
f 515//515 518//518 506//506
f 521//521 527//527 524//524
f 527//527 530//530 524//524
f 485//485 491//491 488//488
f 491//491 494//494 488//488
f 428//428 443//443 431//431
f 443//443 446//446 431//431
f 425//425 428//428 416//416
f 413//413 425//425 416//416
f 434//434 449//449 437//437
f 449//449 452//452 437//437
f 437//437 440//440 422//422
f 419//419 437//437 422//422
f 371//371 386//386 374//374
f 386//386 389//389 374//374
f 401//401 404//404 386//386
f 383//383 401//401 386//386
f 377//377 392//392 380//380
f 392//392 395//395 380//380
f 395//395 407//407 398//398
f 407//407 410//410 398//398
f 305//305 308//308 296//296
f 305//305 296//296 293//293
f 296//296 308//308 299//299
f 308//308 302//302 299//299
f 296//296 299//299 290//290
f 287//287 296//296 290//290
f 227//227 239//239 230//230
f 239//239 227//227 236//236
f 236//236 233//233 248//248
f 257//257 248//248 245//245
f 248//248 257//257 260//260
f 260//260 236//236 248//248
f 236//236 260//260 272//272
f 269//269 272//272 260//260
f 236//236 272//272 239//239
f 284//284 272//272 281//281
f 272//272 284//284 275//275
f 275//275 239//239 272//272
f 239//239 275//275 263//263
f 275//275 278//278 263//263
f 239//239 263//263 251//251
f 251//251 242//242 239//239
f 263//263 254//254 251//251
f 254//254 263//263 266//266
f 442//442 349//349 445//445
f 349//349 448//448 445//445
f 448//448 526//526 445//445
f 526//526 448//448 529//529
f 448//448 349//349 352//352
f 448//448 352//352 451//451
f 1228//1228 1165//1165 1231//1231
f 1231//1231 1165//1165 1168//1168
f 1165//1165 1228//1228 1162//1162
f 1162//1162 1228//1228 1159//1159
f 1162//1162 1024//1024 1165//1165
f 1162//1162 1021//1021 1024//1024
f 333//333 364//364 424//424
f 364//364 333//333 338//338
f 424//424 364//364 427//427
f 473//473 427//427 430//430
f 427//427 473//473 658//658
f 658//658 473//473 661//661
f 664//664 661//661 473//473
f 760//760 661//661 664//664
f 476//476 664//664 473//473
f 664//664 476//476 667//667
f 476//476 436//436 667//667
f 436//436 476//476 433//433
f 760//760 664//664 763//763
f 368//368 439//439 436//436
f 439//439 368//368 346//346
f 343//343 346//346 368//368
f 763//763 815//815 760//760
f 815//815 757//757 760//760
f 815//815 812//812 757//757
f 815//815 763//763 818//818
f 763//763 766//766 818//818
f 818//818 766//766 821//821
f 818//818 972//972 815//815
f 972//972 818//818 976//976
f 1141//1141 1210//1210 1206//1206
f 1210//1210 1141//1141 1144//1144
f 1210//1210 1144//1144 1214//1214
f 1144//1144 1015//1015 1147//1147
f 1144//1144 917//917 1015//1015
f 921//921 1015//1015 917//917
f 1015//1015 921//921 925//925
f 1015//1015 925//925 1018//1018
f 928//928 1018//1018 925//925
f 1018//1018 928//928 1153//1153
f 1018//1018 1153//1153 1150//1150
f 1218//1218 1153//1153 1222//1222
f 1156//1156 1222//1222 1153//1153
f 1222//1222 1156//1156 1225//1225
f 1135//1135 1009//1009 1138//1138
f 1009//1009 1012//1012 1138//1138
f 809//809 964//964 806//806
f 964//964 809//809 968//968
f 655//655 754//754 652//652
f 751//751 652//652 754//754
f 470//470 517//517 514//514
f 517//517 470//470 421//421
f 470//470 418//418 421//421
f 508//508 412//412 467//467
f 467//467 412//412 415//415
f 508//508 467//467 511//511
f 649//649 745//745 646//646
f 745//745 649//649 748//748
f 1003//1003 1132//1132 1129//1129
f 1132//1132 1003//1003 1006//1006
f 956//956 800//800 803//803
f 956//956 803//803 960//960
f 890//890 893//893 940//940
f 940//940 893//893 944//944
f 896//896 900//900 948//948
f 948//948 900//900 952//952
f 1170//1170 1192//1192 1188//1188
f 1172//1172 1192//1192 1170//1170
f 1192//1192 1172//1172 1196//1196
f 1196//1196 1172//1172 1200//1200
f 322//322 327//327 356//356
f 356//356 327//327 360//360
f 879//879 883//883 932//932
f 932//932 883//883 936//936
f 490//490 455//455 493//493
f 455//455 458//458 493//493
f 280//280 221//221 224//224
f 280//280 224//224 283//283
f 590//590 1083//1083 872//872
f 1080//1080 872//872 1083//1083
f 872//872 1080//1080 869//869
f 590//590 872//872 717//717
f 717//717 587//587 590//590
f 587//587 717//717 714//714
f 860//860 1068//1068 857//857
f 1068//1068 860//860 1071//1071
f 575//575 705//705 702//702
f 705//705 575//575 578//578
f 1074//1074 581//581 584//584
f 1074//1074 584//584 1077//1077
f 274//274 215//215 218//218
f 274//274 218//218 277//277
f 268//268 209//209 212//212
f 268//268 212//212 271//271
f 100//100 620//620 97//97
f 618//618 97//97 620//620
f 1276//1276 1265//1265 1268//1268
f 1276//1276 1268//1268 1279//1279
f 94//94 616//616 164//164
f 614//614 164//164 616//616
f 164//164 91//91 94//94
f 86//86 159//159 81//81
f 610//610 81//81 159//159
f 610//610 159//159 612//612
f 1056//1056 837//837 840//840
f 1056//1056 840//840 1059//1059
f 566//566 685//685 563//563
f 682//682 563//563 685//685
f 848//848 572//572 1065//1065
f 1062//1062 848//848 1065//1065
f 572//572 848//848 693//693
f 693//693 569//569 572//572
f 206//206 265//265 203//203
f 262//262 203//203 265//265
f 256//256 197//197 200//200
f 256//256 200//200 259//259
f 1262//1262 1259//1259 1253//1253
f 1253//1253 1256//1256 1262//1262
f 1291//1291 1288//1288 1270//1270
f 1270//1270 1273//1273 1291//1291
f 78//78 608//608 154//154
f 606//606 154//154 608//608
f 154//154 75//75 78//78
f 143//143 59//59 64//64
f 602//602 59//59 143//143
f 602//602 143//143 604//604
f 1303//1303 1300//1300 1282//1282
f 1282//1282 1285//1285 1303//1303
f 1241//1241 1244//1244 1247//1247
f 1247//1247 1244//1244 1250//1250
f 825//825 670//670 774//774
f 825//825 774//774 828//828
f 670//670 768//768 774//774
f 768//768 670//670 673//673
f 45//45 130//130 42//42
f 127//127 42//42 130//130
f 133//133 48//48 53//53
f 133//133 53//53 138//138
f 1313//1313 1316//1316 1348//1348
f 1348//1348 1316//1316 1351//1351
f 119//119 31//31 34//34
f 119//119 34//34 122//122
f 113//113 25//25 28//28
f 113//113 28//28 116//116
f 19//19 105//105 14//14
f 105//105 19//19 110//110
f 1345//1345 1350//1350 1340//1340
f 1345//1345 1340//1340 1334//1334
f 1340//1340 1350//1350 1328//1328
f 1328//1328 1322//1322 1340//1340
f 1315//1315 1328//1328 1350//1350
f 1328//1328 1315//1315 1310//1310
f 345//345 409//409 420//420
f 345//345 420//420 438//438
f 409//409 345//345 330//330
f 409//409 330//330 397//397
f 505//505 420//420 409//409
f 420//420 505//505 516//516
f 1203//1203 1137//1137 1126//1126
f 1114//1114 1203//1203 1126//1126
f 1137//1137 1203//1203 1224//1224
f 1224//1224 1155//1155 1137//1137
f 1000//1000 1126//1126 1137//1137
f 1000//1000 1137//1137 1011//1011
f 194//194 253//253 205//205
f 253//253 264//264 205//205
f 1272//1272 1297//1297 1284//1284
f 1297//1297 1302//1302 1284//1284
f 1290//1290 1272//1272 1284//1284
f 1272//1272 1261//1261 1297//1297
f 1278//1278 1261//1261 1272//1272
f 1261//1261 1278//1278 1267//1267
f 1261//1261 1238//1238 1297//1297
f 1238//1238 1261//1261 1249//1249
f 1255//1255 1249//1249 1261//1261
f 1238//1238 1249//1249 1243//1243
f 560//560 770//770 672//672
f 767//767 672//672 770//770
f 679//679 560//560 672//672
f 770//770 773//773 767//767
f 560//560 679//679 571//571
f 773//773 770//770 772//772
f 834//834 571//571 679//679
f 773//773 772//772 827//827
f 571//571 834//834 1064//1064
f 772//772 1053//1053 827//827
f 834//834 1053//1053 1064//1064
f 1053//1053 834//834 827//827
f 56//56 600//600 607//607
f 56//56 607//607 77//77
f 1230//1230 1167//1167 1217//1217
f 1152//1152 1217//1217 1167//1167
f 1152//1152 1008//1008 1134//1134
f 1008//1008 1152//1152 927//927
f 914//914 1008//1008 927//927
f 1008//1008 914//914 997//997
f 914//914 899//899 997//997
f 886//886 997//997 899//899
f 1111//1111 997//997 886//886
f 997//997 1111//1111 1123//1123
f 1111//1111 1181//1181 1195//1195
f 1181//1181 1111//1111 1096//1096
f 314//314 359//359 326//326
f 359//359 314//314 379//379
f 379//379 394//394 359//359
f 394//394 464//464 406//406
f 631//631 464//464 394//394
f 643//643 464//464 631//631
f 643//643 469//469 464//464
f 469//469 643//643 654//654
f 666//666 469//469 654//654
f 469//469 666//666 435//435
f 435//435 417//417 469//469
f 753//753 654//654 643//643
f 643//643 742//742 753//753
f 450//450 367//367 435//435
f 367//367 450//450 351//351
f 367//367 351//351 342//342
f 785//785 742//742 730//730
f 797//797 742//742 785//785
f 742//742 797//797 753//753
f 808//808 753//753 797//797
f 753//753 808//808 765//765
f 808//808 820//820 765//765
f 797//797 967//967 808//808
f 967//967 797//797 951//951
f 250//250 191//191 241//241
f 182//182 241//241 191//191
f 276//276 217//217 261//261
f 202//202 261//261 217//217
f 1050//1050 557//557 1041//1041
f 548//548 1041//1041 557//557
f 583//583 847//847 1076//1076
f 847//847 1061//1061 1076//1076
f 847//847 583//583 692//692
f 692//692 583//583 568//568
f 615//615 93//93 153//153
f 153//153 93//93 74//74
f 615//615 153//153 605//605
f 307//307 482//482 598//598
f 482//482 592//592 598//598
f 592//592 482//482 478//478
f 598//598 137//137 307//307
f 307//307 137//137 301//301
f 22//22 301//301 137//137
f 22//22 137//137 52//52
f 282//282 223//223 273//273
f 214//214 273//273 223//223
f 229//229 179//179 170//170
f 179//179 229//229 238//238
f 1082//1082 589//589 1073//1073
f 580//580 1073//1073 589//589
f 1038//1038 545//545 1029//1029
f 536//536 1029//1029 545//545
f 619//619 99//99 163//163
f 163//163 99//99 90//90
f 619//619 163//163 613//613
f 727//727 640//640 628//628
f 640//640 727//727 739//739
f 947//947 782//782 935//935
f 782//782 947//947 794//794
f 487//487 457//457 376//376
f 376//376 457//457 391//391
f 457//457 487//487 492//492
f 651//651 750//750 762//762
f 651//651 762//762 663//663
f 975//975 817//817 963//963
f 805//805 963//963 817//817
f 432//432 475//475 447//447
f 475//475 528//528 447//447
f 523//523 528//528 475//475
f 982//982 1093//1093 1108//1108
f 982//982 1108//1108 988//988
f 1149//1149 1164//1164 1017//1017
f 1017//1017 1164//1164 1023//1023
f 6//6 289//289 109//109
f 109//109 289//289 298//298
f 6//6 109//109 18//18
f 115//115 13//13 104//104
f 13//13 115//115 27//27
f 959//959 920//920 907//907
f 920//920 959//959 971//971
f 931//931 892//892 878//878
f 892//892 931//931 943//943
f 158//158 85//85 146//146
f 67//67 146//146 85//85
f 129//129 44//44 112//112
f 24//24 112//112 44//44
f 41//41 126//126 142//142
f 41//41 142//142 63//63
f 355//355 337//337 321//321
f 337//337 355//355 363//363
f 939//939 904//904 889//889
f 904//904 939//939 955//955
f 499//499 466//466 461//461
f 466//466 499//499 510//510
f 1174//1174 1169//1169 1187//1187
f 1187//1187 1209//1209 1174//1174
f 79//79 60//60 82//82
f 60//60 65//65 82//82
f 98//98 95//95 82//82
f 82//82 87//87 98//98
f 57//57 35//35 60//60
f 38//38 60//60 35//35
f 87//87 68//68 92//92
f 68//68 71//71 92//92
f 23//23 43//43 38//38
f 38//38 7//7 23//23
f 10//10 23//23 7//7
f 23//23 10//10 26//26
f 71//71 49//49 76//76
f 54//54 76//76 49//49
f 32//32 49//49 46//46
f 49//49 32//32 20//20
f 32//32 15//15 20//20
f 15//15 32//32 29//29
f 10//10 1//1 15//15
f 1//1 4//4 15//15
f 131//131 150//150 147//147
f 131//131 134//134 150//150
f 155//155 147//147 160//160
f 147//147 155//155 144//144
f 144//144 139//139 123//123
f 144//144 123//123 128//128
f 128//128 147//147 144//144
f 128//128 131//131 147//147
f 114//114 131//131 128//128
f 128//128 111//111 114//114
f 131//131 114//114 117//117
f 117//117 120//120 131//131
f 114//114 106//106 117//117
f 114//114 101//101 106//106
f 219//219 213//213 222//222
f 213//213 219//219 210//210
f 201//201 216//216 213//213
f 210//210 174//174 213//213
f 177//177 201//201 213//213
f 177//177 213//213 174//174
f 201//201 177//177 189//189
f 177//177 180//180 189//189
f 189//189 204//204 201//201
f 204//204 189//189 192//192
f 174//174 168//168 177//177
f 168//168 174//174 165//165
f 174//174 210//210 198//198
f 210//210 207//207 198//198
f 174//174 198//198 186//186
f 171//171 174//174 186//186
f 198//198 183//183 186//186
f 183//183 198//198 195//195
f 350//350 347//347 334//334
f 334//334 339//339 350//350
f 339//339 328//328 344//344
f 339//339 323//323 328//328
f 315//315 334//334 331//331
f 334//334 315//315 318//318
f 318//318 312//312 323//323
f 309//309 312//312 318//318
f 555//555 570//570 567//567
f 570//570 555//555 558//558
f 579//579 555//555 567//567
f 582//582 579//579 567//567
f 543//543 546//546 555//555
f 579//579 543//543 555//555
f 585//585 579//579 588//588
f 579//579 585//585 576//576
f 543//543 579//579 540//540
f 576//576 540//540 579//579
f 540//540 534//534 543//543
f 534//534 540//540 531//531
f 576//576 552//552 540//540
f 552//552 537//537 540//540
f 552//552 576//576 564//564
f 576//576 573//573 564//564
f 564//564 549//549 552//552
f 549//549 564//564 561//561
f 755//755 743//743 758//758
f 743//743 746//746 758//758
f 761//761 749//749 764//764
f 749//749 752//752 764//764
f 731//731 719//719 734//734
f 719//719 722//722 734//734
f 737//737 725//725 740//740
f 725//725 728//728 740//740
f 867//867 861//861 870//870
f 861//861 867//867 858//858
f 838//838 861//861 858//858
f 855//855 838//838 858//858
f 838//838 849//849 861//861
f 864//864 861//861 849//849
f 849//849 838//838 823//823
f 835//835 823//823 838//838
f 829//829 849//849 823//823
f 823//823 826//826 829//829
f 832//832 829//829 826//826
f 849//849 829//829 841//841
f 829//829 844//844 841//841
f 852//852 849//849 841//841
f 915//915 901//901 918//918
f 901//901 905//905 918//918
f 922//922 908//908 926//926
f 908//908 911//911 926//926
f 887//887 873//873 891//891
f 873//873 876//876 891//891
f 894//894 880//880 897//897
f 880//880 884//884 897//897
f 1019//1019 1013//1013 1022//1022
f 1013//1013 1016//1016 1022//1022
f 977//977 986//986 983//983
f 986//986 977//977 980//980
f 1007//1007 995//995 1010//1010
f 995//995 998//998 1010//1010
f 989//989 1004//1004 1001//1001
f 1004//1004 989//989 992//992
f 1163//1163 1148//1148 1166//1166
f 1148//1148 1151//1151 1166//1166
f 1151//1151 1133//1133 1154//1154
f 1133//1133 1136//1136 1154//1154
f 1085//1085 1103//1103 1100//1100
f 1103//1103 1085//1085 1088//1088
f 1118//1118 1097//1097 1100//1100
f 1097//1097 1118//1118 1115//1115
f 1091//1091 1109//1109 1106//1106
f 1109//1109 1091//1091 1094//1094
f 1109//1109 1112//1112 1124//1124
f 1121//1121 1109//1109 1124//1124
f 1157//1157 1142//1142 1160//1160
f 1142//1142 1145//1145 1160//1160
f 1142//1142 1127//1127 1130//1130
f 1127//1127 1142//1142 1139//1139
f 1242//1242 1239//1239 1233//1233
f 1233//1233 1236//1236 1242//1242
f 1245//1245 1248//1248 1251//1251
f 1251//1251 1248//1248 1254//1254
f 1257//1257 1260//1260 1263//1263
f 1263//1263 1260//1260 1266//1266
f 1305//1305 1314//1314 1311//1311
f 1314//1314 1305//1305 1308//1308
f 1317//1317 1320//1320 1323//1323
f 1323//1323 1320//1320 1326//1326
f 1329//1329 1332//1332 1335//1335
f 1335//1335 1332//1332 1338//1338
f 1341//1341 1333//1333 1330//1330
f 1333//1333 1341//1341 1344//1344
f 1336//1336 1339//1339 1318//1318
f 1318//1318 1339//1339 1321//1321
f 1309//1309 1306//1306 1324//1324
f 1324//1324 1327//1327 1309//1309
f 166//166 225//225 169//169
f 225//225 228//228 169//169
f 285//285 5//5 2//2
f 5//5 285//285 288//288
f 1028//1028 532//532 1025//1025
f 532//532 1028//1028 535//535
f 1296//1296 1237//1237 1293//1293
f 1234//1234 1293//1293 1237//1237
f 178//178 237//237 240//240
f 178//178 240//240 181//181
f 172//172 231//231 234//234
f 172//172 234//234 175//175
f 107//107 21//21 16//16
f 107//107 300//300 21//21
f 300//300 107//107 297//297
f 294//294 102//102 291//291
f 8//8 291//291 102//102
f 8//8 102//102 11//11
f 538//538 1031//1031 1034//1034
f 538//538 1034//1034 541//541
f 544//544 1037//1037 1040//1040
f 544//544 1040//1040 547//547
f 303//303 479//479 481//481
f 303//303 481//481 306//306
f 184//184 243//243 246//246
f 184//184 246//246 187//187
f 190//190 249//249 252//252
f 190//190 252//252 193//193
f 550//550 1043//1043 1046//1046
f 550//550 1046//1046 553//553
f 771//771 556//556 1049//1049
f 771//771 1049//1049 1052//1052
f 556//556 771//771 769//769
f 556//556 769//769 559//559
f 135//135 55//55 50//50
f 599//599 55//55 135//135
f 135//135 597//597 599//599
f 124//124 593//593 595//595
f 36//36 593//593 124//124
f 36//36 124//124 39//39
f 675//675 830//830 833//833
f 675//675 833//833 678//678
f 69//69 148//148 151//151
f 69//69 151//151 72//72
f 61//61 140//140 145//145
f 61//61 145//145 66//66
f 842//842 690//690 687//687
f 690//690 842//842 845//845
f 83//83 156//156 161//161
f 83//83 161//161 88//88
f 850//850 698//698 695//695
f 698//698 850//850 853//853
f 865//865 710//710 862//862
f 707//707 862//862 710//710
f 372//372 310//310 369//369
f 375//375 310//310 372//372
f 310//310 375//375 313//313
f 378//378 313//313 375//375
f 372//372 486//486 375//375
f 486//486 372//372 483//483
f 1086//1086 1177//1177 1089//1089
f 1177//1177 1092//1092 1089//1089
f 1092//1092 978//978 1089//1089
f 1092//1092 981//981 978//978
f 1180//1180 1092//1092 1177//1177
f 1092//1092 1180//1180 1095//1095
f 726//726 784//784 729//729
f 726//726 781//781 784//784
f 781//781 726//726 778//778
f 778//778 933//933 781//781
f 933//933 778//778 929//929
f 723//723 778//778 726//726
f 778//778 723//723 775//775
f 775//775 723//723 720//720
f 624//624 723//723 726//726
f 726//726 627//627 624//624
f 453//453 624//624 627//627
f 624//624 453//453 621//621
f 621//621 453//453 384//384
f 384//384 453//453 387//387
f 627//627 456//456 453//453
f 630//630 456//456 627//627
f 456//456 630//630 393//393
f 393//393 390//390 456//456
f 353//353 381//381 384//384
f 381//381 353//353 316//316
f 316//316 353//353 319//319
f 396//396 357//357 393//393
f 357//357 396//396 329//329
f 357//357 329//329 324//324
f 1186//1186 1098//1098 1183//1183
f 1098//1098 1186//1186 1101//1101
f 1190//1190 1101//1101 1186//1186
f 984//984 1101//1101 1104//1104
f 874//874 1101//1101 984//984
f 874//874 984//984 877//877
f 877//877 984//984 881//881
f 984//984 987//987 881//881
f 987//987 885//885 881//881
f 885//885 987//987 1110//1110
f 1107//1107 1110//1110 987//987
f 1110//1110 1194//1194 1198//1198
f 1110//1110 1198//1198 1113//1113
f 1202//1202 1113//1113 1198//1198
f 639//639 738//738 741//741
f 639//639 741//741 642//642
f 405//405 462//462 408//408
f 462//462 504//504 408//408
f 501//501 504//504 462//462
f 793//793 945//945 949//949
f 793//793 949//949 796//796
f 787//787 937//937 941//941
f 787//787 941//941 790//790
f 495//495 459//459 399//399
f 399//399 459//459 402//402
f 459//459 495//495 498//498
f 732//732 636//636 633//633
f 636//636 732//732 735//735
f 996//996 1122//1122 999//999
f 1122//1122 1125//1125 999//999
f 1116//1116 993//993 990//990
f 993//993 1116//1116 1119//1119
f 957//957 902//902 953//953
f 902//902 957//957 906//906
f 961//961 965//965 909//909
f 909//909 965//965 912//912
f 365//365 335//335 361//361
f 335//335 365//365 340//340
f 969//969 973//973 919//919
f 919//919 973//973 923//923
f 1175//1175 1173//1173 1212//1212
f 1173//1173 1208//1208 1212//1212
f 1212//1212 1216//1216 1175//1175
f 1220//1220 1175//1175 1216//1216
f 519//519 474//474 471//471
f 474//474 519//519 522//522
f 1347//1347 1325//1325 1312//1312
f 1312//1312 1325//1325 1307//1307
f 1325//1325 1347//1347 1337//1337
f 1319//1319 1325//1325 1337//1337
f 1337//1337 1347//1347 1342//1342
f 1331//1331 1337//1337 1342//1342
f 332//332 400//400 317//317
f 317//317 400//400 382//382
f 400//400 332//332 411//411
f 411//411 332//332 423//423
f 411//411 496//496 400//400
f 411//411 507//507 496//496
f 1140//1140 1205//1205 1128//1128
f 1205//1205 1117//1117 1128//1128
f 1117//1117 1002//1002 1128//1128
f 1117//1117 991//991 1002//1002
f 1184//1184 1117//1117 1205//1205
f 1117//1117 1184//1184 1099//1099
f 255//255 185//185 196//196
f 185//185 255//255 244//244
f 1299//1299 1294//1294 1281//1281
f 1294//1294 1269//1269 1281//1281
f 1287//1287 1281//1281 1269//1269
f 1294//1294 1258//1258 1269//1269
f 1269//1269 1258//1258 1275//1275
f 1275//1275 1258//1258 1264//1264
f 1258//1258 1294//1294 1235//1235
f 1258//1258 1235//1235 1246//1246
f 1235//1235 1240//1240 1246//1246
f 1252//1252 1258//1258 1246//1246
f 551//551 824//824 1044//1044
f 1055//1055 1044//1044 824//824
f 1055//1055 824//824 836//836
f 824//824 551//551 669//669
f 562//562 669//669 551//551
f 669//669 562//562 681//681
f 58//58 601//601 594//594
f 58//58 594//594 37//37
f 1158//1158 1227//1227 1213//1213
f 1158//1158 1213//1213 1143//1143
f 1005//1005 1143//1143 1131//1131
f 1005//1005 916//916 1143//1143
f 916//916 1005//1005 903//903
f 994//994 903//903 1005//1005
f 903//903 994//994 888//888
f 994//994 875//875 888//888
f 994//994 1102//1102 875//875
f 1120//1120 1102//1102 994//994
f 1102//1102 1191//1191 1087//1087
f 1178//1178 1087//1087 1191//1191
f 645//645 733//733 634//634
f 733//733 645//645 744//744
f 634//634 465//465 645//645
f 465//465 657//657 645//645
f 657//657 465//465 426//426
f 426//426 465//465 414//414
f 460//460 465//465 634//634
f 622//622 460//460 634//634
f 460//460 622//622 385//385
f 460//460 385//385 403//403
f 362//362 441//441 426//426
f 348//348 441//441 362//362
f 348//348 362//362 336//336
f 354//354 385//385 370//370
f 311//311 354//354 370//370
f 354//354 311//311 320//320
f 811//811 744//744 756//756
f 799//799 744//744 811//811
f 744//744 799//799 788//788
f 954//954 788//788 799//799
f 938//938 788//788 954//954
f 744//744 788//788 733//733
f 788//788 721//721 733//733
f 721//721 788//788 776//776
f 188//188 247//247 232//232
f 188//188 232//232 173//173
f 258//258 199//199 267//267
f 208//208 267//267 199//199
f 574//574 701//701 684//684
f 574//574 684//684 565//565
f 554//554 1047//1047 1032//1032
f 554//554 1032//1032 539//539
f 856//856 1067//1067 1058//1058
f 856//856 1058//1058 839//839
f 125//125 9//9 40//40
f 125//125 292//292 9//9
f 292//292 125//125 304//304
f 125//125 596//596 304//304
f 304//304 596//596 480//480
f 591//591 480//480 596//596
f 480//480 591//591 477//477
f 141//141 609//609 603//603
f 80//80 609//609 141//141
f 80//80 141//141 62//62
f 235//235 167//167 176//176
f 167//167 235//235 226//226
f 270//270 211//211 279//279
f 220//220 279//279 211//211
f 1079//1079 859//859 868//868
f 859//859 1079//1079 1070//1070
f 586//586 713//713 704//704
f 586//586 704//704 577//577
f 542//542 1035//1035 1026//1026
f 542//542 1026//1026 533//533
f 96//96 617//617 157//157
f 157//157 617//617 611//611
f 96//96 157//157 84//84
f 1020//1020 1161//1161 1146//1146
f 1020//1020 1146//1146 1014//1014
f 747//747 648//648 759//759
f 660//660 759//759 648//648
f 388//388 454//454 373//373
f 454//454 484//484 373//373
f 489//489 484//484 454//454
f 637//637 736//736 724//724
f 637//637 724//724 625//625
f 525//525 472//472 444//444
f 444//444 472//472 429//429
f 472//472 525//525 520//520
f 942//942 779//779 791//791
f 779//779 942//942 930//930
f 1105//1105 1090//1090 985//985
f 985//985 1090//1090 979//979
f 958//958 802//802 970//970
f 814//814 970//970 802//802
f 103//103 3//3 12//12
f 286//286 3//3 103//103
f 103//103 295//295 286//286
f 871//871 708//708 716//716
f 708//708 871//871 863//863
f 30//30 118//118 108//108
f 30//30 108//108 17//17
f 711//711 866//866 851//851
f 711//711 851//851 696//696
f 910//910 924//924 974//974
f 974//974 962//962 910//910
f 882//882 895//895 946//946
f 946//946 934//934 882//882
f 47//47 132//132 121//121
f 47//47 121//121 33//33
f 89//89 162//162 149//149
f 89//89 149//149 70//70
f 699//699 854//854 843//843
f 699//699 843//843 688//688
f 152//152 51//51 73//73
f 51//51 152//152 136//136
f 846//846 676//676 691//691
f 676//676 846//846 831//831
f 325//325 341//341 366//366
f 366//366 358//358 325//325
f 468//468 502//502 463//463
f 502//502 468//468 513//513
f 898//898 913//913 966//966
f 966//966 950//950 898//898
f 1221//1221 1199//1199 1176//1176
f 1176//1176 1199//1199 1171//1171
